"team","live__plays_faced","live__epa_per_play_allowed","live__success_allowed","live__explosive_pass_allowed","live__explosive_rush_allowed","man_zone__charted_mz","man_zone__man_rate","man_zone__zone_rate","coverage_family__charted_cov","coverage_family__cover_1","coverage_family__cover_2","coverage_family__cover_3","coverage_family__cover_4","coverage_family__cover_6","coverage_family__two_man","coverage_family__cover_0","pressure__charted_pressure","pressure__pressure_rate_generated","pressure__blitz_proxy_rate","pressure__pressure_without_heavy_blitz_rate","box__mean_box_deployed","box__heavy_box_rate","side","window"
"ARI",14640,-0.0237573072989979,0.433674863387978,0.0742486338797814,0.0382513661202186,4522,0.318885448916409,0.681114551083591,4522,0.219150818222026,0.146174259177355,0.311587793011942,0.136886333480761,0.0630252100840336,0.0420168067226891,0.0577178239716939,5637,0.277984743657974,0.327833954230974,0.163207379811957,6.82653550863724,0.239923224568138,"defense","career"
"ATL",14597,0.03150838994805,0.449955470302117,0.080838528464753,0.0339110776186888,4635,0.399137001078749,0.600862998921251,4635,0.324919093851133,0.183387270765912,0.293203883495146,0.0651564185544768,0.0295577130528587,0.0427184466019417,0.0314994606256742,5853,0.270288740816675,0.255297334244703,0.178711771740988,6.83449825262107,0.222666000998502,"defense","career"
"BAL",14501,-0.0475278298701707,0.410454451417143,0.078546307151231,0.0260671677815323,4903,0.415255965735264,0.584744034264736,4903,0.304915357944116,0.114011829492148,0.281256373648786,0.0913726290026514,0.0770956557209871,0.0358963899653274,0.0744442178258209,6079,0.28244777101497,0.302845862806383,0.179470307616384,6.83543240973971,0.219143576826196,"defense","career"
"BUF",14319,-0.0412803327279713,0.419582373070744,0.0686500453942314,0.0397374118304351,4421,0.33046821985976,0.66953178014024,4421,0.24066953178014,0.151549423207419,0.249038679031893,0.193847545804117,0.0554173263967428,0.0570006785795069,0.0327980095001131,5507,0.290902487742873,0.250817290228841,0.197203559106592,6.7091927680163,0.16908581614464,"defense","career"
"CAR",14410,0.000793388856092692,0.42990978487162,0.0739070090215128,0.0363636363636364,4330,0.291454965357968,0.708545034642032,4330,0.241108545034642,0.131177829099307,0.335796766743649,0.167898383371824,0.0551963048498845,0.0143187066974596,0.036027713625866,5493,0.262697979246313,0.298743855816494,0.159839796104133,6.89826787021225,0.244693827762869,"defense","career"
"CHI",14267,-0.00727364542137653,0.430854419289269,0.0771710941333146,0.036587930188547,4418,0.337935717519239,0.66206428248076,4418,0.27636939791761,0.157763693979176,0.266183793571752,0.104119511090991,0.116794929832503,0.0260298777727478,0.0355364418288818,5484,0.271334792122538,0.219730123997082,0.191101385849745,6.6879012345679,0.153827160493827,"defense","career"
"CIN",14742,0.00582472066363685,0.43684710351377,0.0773979107312441,0.0358838692172026,4543,0.371340523882897,0.628659476117103,4543,0.294739159145939,0.164869029275809,0.274708342504953,0.112480739599384,0.0539291217257319,0.0297160466651992,0.0468853180717587,5708,0.290294323756132,0.228801681850035,0.201822004204625,6.76612708383668,0.184344044455182,"defense","career"
"CLE",14785,-0.00685198099993938,0.421170104835983,0.0719648292188028,0.0381467703753805,4466,0.363636363636364,0.636363636363636,4466,0.296909986565159,0.119346171070309,0.299820868786386,0.146887595163457,0.0510523958799821,0.0221674876847291,0.0445588893864756,5537,0.299620733249052,0.29907892360484,0.18204804045512,6.91773656680932,0.265810746552544,"defense","career"
"DAL",14458,0.000493975247361923,0.437750726241527,0.0758749481256052,0.0376953935537419,4424,0.377260397830018,0.622739602169982,4424,0.331374321880651,0.190325497287523,0.290913200723327,0.0938065099457504,0.0280289330922242,0.0196654611211573,0.0262206148282098,5667,0.301041115228516,0.257631904005647,0.199400035292042,6.77542265960131,0.180418874589957,"defense","career"
"DEN",14647,-0.0619845515756967,0.402334949136341,0.0719601283539291,0.0262169727589267,4740,0.419198312236287,0.580801687763713,4740,0.328270042194093,0.0738396624472574,0.25210970464135,0.104852320675105,0.122784810126582,0.0430379746835443,0.0478902953586498,5785,0.301469317199654,0.320484010371651,0.184269662921348,6.80135440180587,0.230248306997743,"defense","career"
"DET",14403,0.0163488849979252,0.432132194681666,0.0874817746302854,0.0308963410400611,4631,0.477866551500756,0.522133448499244,4631,0.367523213128914,0.152882746706975,0.226732887065429,0.082919455841071,0.0434031526668106,0.0578708702224142,0.0524724681494278,5756,0.275364836692147,0.284920083391244,0.176337734537874,6.85574018126888,0.218026183282981,"defense","career"
"GB",14343,0.00323646060330851,0.438680889632574,0.0770410653280346,0.034302447186781,4419,0.308667119257751,0.691332880742249,4419,0.262502828694275,0.160669834804254,0.299841593120616,0.128988458927359,0.0807875084860828,0.0212717809459154,0.0248925096175605,5520,0.290579710144928,0.252355072463768,0.19963768115942,6.72750125691302,0.181246857717446,"defense","career"
"HOU",14476,-0.0326076732373329,0.413926499032884,0.0755733628074054,0.036197844708483,4559,0.365869708269357,0.634130291730643,4559,0.327045404694012,0.220881772318491,0.194560210572494,0.139504277253784,0.0620750164509761,0.0155735906997149,0.0232507128756306,5594,0.278691455130497,0.261172685019664,0.187879871290669,6.82337285264941,0.217517541737237,"defense","career"
"IND",14669,0.00247438397371668,0.43438543868021,0.0801008930397437,0.0338809734814916,4625,0.282594594594595,0.717405405405405,4625,0.232432432432432,0.209945945945946,0.302054054054054,0.117189189189189,0.068972972972973,0.0276756756756757,0.0224864864864865,5732,0.264131193300768,0.211655906473565,0.185973482205164,6.72449721347226,0.172764720135692,"defense","career"
"JAX",14886,0.00757214940521177,0.427918849926105,0.0743651753325272,0.0342603788794841,4610,0.345336225596529,0.654663774403471,4610,0.272234273318872,0.144034707158351,0.303036876355748,0.130151843817787,0.0557483731019523,0.0425162689804772,0.03058568329718,5674,0.281459287980261,0.253128855984488,0.188050757842792,6.92682323856613,0.25389369592089,"defense","career"
"KC",14655,-0.0141689168534088,0.428727396792903,0.0758103036506312,0.0332309791879905,4740,0.444514767932489,0.555485232067511,4740,0.290295358649789,0.213713080168776,0.167299578059072,0.10168776371308,0.0552742616033755,0.0767932489451477,0.0774261603375527,5911,0.288783623752326,0.288952799864659,0.177634917949586,6.71446995099304,0.151663657467114,"defense","career"
"LAC",14104,-0.0108667087817999,0.434628474191719,0.0740924560408395,0.0348128190584231,4400,0.298636363636364,0.701363636363636,4400,0.224090909090909,0.118863636363636,0.383181818181818,0.0938636363636364,0.0811363636363636,0.0395454545454545,0.035,5511,0.280529849392125,0.225185991653058,0.197060424605335,6.74433249370277,0.17103274559194,"defense","career"
"LAR",14625,-0.039313421961673,0.420717948717948,0.0726837606837607,0.0335726495726496,4655,0.299677765843179,0.700322234156821,4655,0.237593984962406,0.0992481203007519,0.338345864661654,0.138345864661654,0.0996777658431794,0.0345864661654135,0.0274973147153598,5793,0.29621957534956,0.285344381149663,0.191092698083894,6.61493522987046,0.163068326136652,"defense","career"
"LV",14549,0.0421905311131889,0.436731046807341,0.0784933672417348,0.0331294247027287,4522,0.310924369747899,0.689075630252101,4522,0.240380362671384,0.168730650154799,0.299646174259177,0.106368863334808,0.0891198584697037,0.0252100840336134,0.0453339230429014,5601,0.268880557043385,0.235178571428571,0.187823602928049,6.78587035688274,0.191065792668123,"defense","career"
"MIA",14733,0.0123048281292078,0.432799348357316,0.0804995588135478,0.0357021652073576,4589,0.440183046415341,0.559816953584659,4589,0.332098496404445,0.161255175419481,0.279363695794291,0.063412508171715,0.0326868598823273,0.0305077358901722,0.0775768141207235,5710,0.292644483362522,0.309281961471103,0.183887915936953,6.86397423191278,0.229435084241824,"defense","career"
"MIN",14808,-0.0411325507517239,0.430510534846029,0.0747568881685575,0.0266747703943814,4683,0.261370916079436,0.738629083920564,4683,0.177877428998505,0.211189408498826,0.249626307922272,0.148195601110399,0.100363015161221,0.0363015161221439,0.0471919709587871,5792,0.280386740331492,0.314917127071823,0.169716850828729,6.75716403162055,0.185276679841897,"defense","career"
"NE",14487,-0.0400001539454831,0.424754935800084,0.078346103403051,0.0303720577069096,4476,0.481903485254692,0.518096514745308,4476,0.384048257372654,0.164432529043789,0.254468275245755,0.0614387846291332,0.0218945487042002,0.0265862377122431,0.0712689901697945,5670,0.273721340388007,0.271300052919386,0.17989417989418,6.73454075032341,0.181630012936611,"defense","career"
"NO",14447,-0.014185771850604,0.42098705613622,0.0775939641448052,0.0350245725756212,4595,0.396953210010881,0.603046789989119,4595,0.301196953210011,0.179760609357998,0.236779107725789,0.126659412404788,0.038955386289445,0.0572361262241567,0.0385201305767138,5732,0.269190509420796,0.283496161898116,0.171493370551291,6.79180710396681,0.201451905626134,"defense","career"
"NYG",14916,0.0141617560965439,0.43336015017431,0.0777017967283454,0.0389514615178332,4598,0.379512831665942,0.620487168334058,4598,0.288603740756851,0.136363636363636,0.305132666376686,0.126794258373206,0.0384949978251414,0.040887342322749,0.0500217485863419,5786,0.285862426546837,0.311787072243346,0.170411337711718,6.75267030619511,0.176833610253976,"defense","career"
"NYJ",14795,-0.000488344400699439,0.410369068541301,0.0743494423791822,0.0335924298749578,4566,0.374726237406921,0.625273762593079,4566,0.307709154621113,0.169294787560228,0.222952255803767,0.133158125273763,0.0781865965834428,0.0346035917652212,0.0324134910205869,5676,0.283298097251586,0.300563777307963,0.177589852008457,6.77032941718498,0.185210780926054,"defense","career"
"PHI",14762,-0.0246988277417733,0.421419861807343,0.0741769407939304,0.0321772117599241,4707,0.392181856809008,0.607818143190992,4707,0.312088379009985,0.155300616103675,0.263862332695985,0.0992139366900361,0.0609730189080093,0.0371786700658594,0.0429148077331634,5865,0.310997442455243,0.226427962489344,0.222847399829497,6.81522323830016,0.198762775685853,"defense","career"
"PIT",14344,-0.0303929362137946,0.415574456218628,0.0780814277746793,0.0310931399888455,4576,0.395541958041958,0.604458041958042,4576,0.315340909090909,0.171765734265734,0.302229020979021,0.0563811188811189,0.0574737762237762,0.0552884615384615,0.0249125874125874,5678,0.296407185628743,0.300105671010919,0.185804860866502,6.75974522292994,0.208407643312102,"defense","career"
"SEA",14628,-0.0448214727794885,0.42015313098168,0.071438337435056,0.0290538692917692,4895,0.278447395301328,0.721552604698672,4895,0.216956077630235,0.177119509703779,0.330337078651685,0.0966292134831461,0.0964249233912155,0.0386108273748723,0.0228804902962206,5988,0.299265197060788,0.240313961255845,0.200233800935204,6.89389855427591,0.25312423425631,"defense","career"
"SF",14459,-0.0254231583363274,0.422505014178021,0.0695760426032229,0.028286880143855,4528,0.280256183745583,0.719743816254417,4528,0.237853356890459,0.107332155477032,0.33303886925795,0.187058303886926,0.0731007067137809,0.0178886925795053,0.0245141342756184,5605,0.277252453166815,0.238622166696413,0.191436217662801,6.73484659516089,0.184085806934398,"defense","career"
"TB",14642,-0.00671208192533844,0.431976505941811,0.0816828302144516,0.0322360333287802,4977,0.303194695599759,0.696805304400241,4977,0.216194494675507,0.15792646172393,0.30520393811533,0.144665461121157,0.0665059272654209,0.0427968655816757,0.0442033353425758,6082,0.289542913515291,0.325221966458402,0.170667543571194,6.84628008752735,0.215536105032823,"defense","career"
"TEN",14719,0.0183094797075145,0.432366329234323,0.0777226713771316,0.0290780623683674,4716,0.371713316369805,0.628286683630195,4716,0.292196776929601,0.198261238337574,0.232400339270568,0.132103477523325,0.0392281594571671,0.0341391009329941,0.0453774385072095,5962,0.271385441127139,0.243374706474337,0.182824555518282,6.73013375295043,0.1835824809861,"defense","career"
"WAS",14531,0.0282330723298028,0.435826852935105,0.079209964902622,0.0348909228545867,4458,0.3488111260655,0.6511888739345,4458,0.283535217586362,0.151413189771198,0.257963212202782,0.166218034993271,0.0482279048900852,0.0269179004037685,0.0383580080753701,5577,0.306437152590999,0.303209610901919,0.191142191142191,6.79256594724221,0.210071942446043,"defense","career"
"ARI",3202,0.0684787699832866,0.470643347907558,0.0724547158026234,0.0427857589006871,1708,0.337822014051522,0.662177985948478,1708,0.221896955503513,0.213700234192037,0.21135831381733,0.121194379391101,0.056791569086651,0.0685011709601874,0.047423887587822,1709,0.239321240491516,0.22059684025746,0.170275014628438,6.29954614220877,0.0877458396369138,"defense","recent"
"ATL",3219,-0.00605727274400312,0.427461944703324,0.0692761727244486,0.0369680024852439,1778,0.450506186726659,0.549493813273341,1778,0.344206974128234,0.167604049493813,0.168166479190101,0.0973003374578178,0.047244094488189,0.0742407199100112,0.0320584926884139,1782,0.271604938271605,0.277372262773723,0.17003367003367,6.5897233201581,0.127272727272727,"defense","recent"
"BAL",3279,-0.0640774726062521,0.40896614821592,0.0792924672156145,0.0283623055809698,2020,0.447524752475248,0.552475247524753,2020,0.333168316831683,0.167821782178218,0.219306930693069,0.0688118811881188,0.051980198019802,0.0638613861386139,0.0504950495049505,2024,0.284584980237154,0.212944664031621,0.20899209486166,6.76073059360731,0.168949771689498,"defense","recent"
"BUF",3032,-0.0354889453359571,0.426121372031662,0.0712401055408971,0.0422163588390501,1713,0.358435493286632,0.641564506713368,1713,0.228838295388208,0.23292469352014,0.20373613543491,0.103327495621716,0.0566258026853473,0.103911266783421,0.0256859311150029,1717,0.316831683168317,0.213744903902155,0.22422830518346,6.58813559322034,0.115254237288136,"defense","recent"
"CAR",3193,0.0679724917061359,0.455057939242092,0.0676479799561541,0.0388349514563107,1597,0.37132122730119,0.62867877269881,1597,0.319348778960551,0.175328741390106,0.252348152786475,0.107075767063244,0.050093926111459,0.0231684408265498,0.0288040075140889,1602,0.213483146067416,0.282147315855181,0.132334581772784,6.5595818815331,0.105226480836237,"defense","recent"
"CHI",3102,-0.0116139426865926,0.436814958091554,0.0776918117343649,0.0386847195357834,1752,0.379566210045662,0.620433789954338,1752,0.3087899543379,0.235730593607306,0.208904109589041,0.0964611872146119,0.0422374429223744,0.0428082191780822,0.0279680365296804,1754,0.277080957810718,0.236602052451539,0.182440136830103,6.55383360522023,0.0970636215334421,"defense","recent"
"CIN",3201,0.0572984561982915,0.459856294907841,0.0821618244298657,0.0406123086535458,1767,0.425580079230334,0.574419920769666,1767,0.323712507074137,0.187323146576118,0.21675155631013,0.0848896434634974,0.0345217883418223,0.0531975099037917,0.0486700622524052,1772,0.287810383747178,0.213882618510158,0.204853273137698,6.58673061550759,0.127098321342926,"defense","recent"
"CLE",3065,-0.0968808967377815,0.381076672104403,0.06557911908646,0.0420880913539967,1664,0.478365384615385,0.521634615384615,1664,0.413461538461538,0.150240384615385,0.230769230769231,0.0588942307692308,0.0390625,0.0204326923076923,0.0444711538461538,1668,0.357314148681055,0.295563549160671,0.220623501199041,6.9281098546042,0.263327948303716,"defense","recent"
"DAL",3116,0.0378396151443269,0.449935815147625,0.0754172015404365,0.0423620025673941,1693,0.45481393975192,0.54518606024808,1693,0.38806851742469,0.203780271707029,0.1624335499114,0.0950974601299468,0.0401653868871825,0.03248670998228,0.0342587123449498,1701,0.336272780717225,0.296296296296296,0.208112874779541,6.64858299595142,0.125506072874494,"defense","recent"
"DEN",3248,-0.0661191422852339,0.398091133004927,0.0720443349753695,0.0277093596059113,1932,0.517080745341615,0.482919254658385,1932,0.386645962732919,0.145445134575569,0.156314699792961,0.0791925465838509,0.0408902691511387,0.0791925465838509,0.0512422360248447,1934,0.333505687693899,0.346432264736298,0.203205791106515,6.55004277159966,0.107784431137725,"defense","recent"
"DET",3118,-0.0371438076662257,0.416292495189224,0.09012187299551,0.0266196279666453,1873,0.473037907100908,0.526962092899092,1873,0.341697810998398,0.157501334757074,0.207688200747464,0.0854244527495996,0.0432461292044848,0.0896956753870796,0.0416444207154298,1876,0.314498933901919,0.315031982942431,0.187100213219616,7.01736745886654,0.23491773308958,"defense","recent"
"GB",3174,-0.0135684778063598,0.443289224952741,0.0730938878386894,0.0333963453056081,1744,0.287270642201835,0.712729357798165,1744,0.247133027522936,0.243692660550459,0.285550458715596,0.0888761467889908,0.0504587155963303,0.0235091743119266,0.0166284403669725,1754,0.305587229190422,0.215507411630559,0.217217787913341,6.74446202531646,0.164556962025316,"defense","recent"
"HOU",3132,-0.0814698407552056,0.393678160919541,0.0766283524904215,0.0296934865900383,1788,0.390380313199105,0.609619686800895,1788,0.335570469798658,0.170022371364653,0.185123042505593,0.147091722595078,0.0721476510067114,0.0268456375838926,0.0279642058165548,1796,0.305679287305123,0.232739420935412,0.217706013363029,6.52675585284281,0.0978260869565217,"defense","recent"
"IND",3372,-0.00849311425148505,0.436832740213523,0.07858837485172,0.0323250296559905,1852,0.36231101511879,0.63768898488121,1852,0.268358531317495,0.226781857451404,0.243520518358531,0.0869330453563715,0.0361771058315335,0.0599352051835853,0.0340172786177106,1853,0.271991365353481,0.215982721382289,0.188343227199137,6.59037900874636,0.106413994169096,"defense","recent"
"JAX",3253,-0.0101938168864528,0.424223793421457,0.0777743621272671,0.0304334460498002,1929,0.370139968895801,0.629860031104199,1929,0.276827371695179,0.216174183514774,0.210990150336962,0.095386210471747,0.0616899948159668,0.0673924313115604,0.0259201658890617,1936,0.259814049586777,0.236175710594315,0.173037190082645,6.60755048287972,0.136084284460053,"defense","recent"
"KC",3070,-0.0378357943825238,0.418241042345277,0.0631921824104235,0.0276872964169381,1756,0.490318906605923,0.509681093394077,1756,0.309225512528474,0.220387243735763,0.105922551252847,0.104214123006834,0.0415717539863326,0.116742596810934,0.0643507972665148,1759,0.324616259238204,0.325753268902786,0.191586128482092,6.61921397379913,0.112663755458515,"defense","recent"
"LAC",3122,-0.0506976041767675,0.419282511210762,0.0698270339525945,0.0323510570147341,1802,0.380133185349612,0.619866814650389,1802,0.264150943396226,0.222530521642619,0.205327413984462,0.0876803551609323,0.0521642619311876,0.0776914539400666,0.0382907880133185,1804,0.286585365853659,0.238913525498891,0.186252771618625,6.51543739279588,0.107204116638079,"defense","recent"
"LAR",3221,-0.0136542887469441,0.429059298354548,0.0785470350822726,0.0279416330332195,1850,0.403783783783784,0.596216216216216,1850,0.31027027027027,0.178918918918919,0.192972972972973,0.101621621621622,0.0654054054054054,0.0702702702702703,0.0232432432432432,1852,0.286177105831533,0.226781857451404,0.200323974082073,6.41911764705882,0.0964052287581699,"defense","recent"
"LV",3224,-0.0201335793533449,0.432692307692308,0.0648263027295285,0.0316377171215881,1755,0.30997150997151,0.69002849002849,1755,0.225071225071225,0.23019943019943,0.27977207977208,0.0843304843304843,0.0398860398860399,0.0341880341880342,0.0507122507122507,1759,0.274587833996589,0.243458475540387,0.181921546333144,6.64673913043478,0.123447204968944,"defense","recent"
"MIA",3104,0.00358377854529821,0.443298969072165,0.0753865979381443,0.0347938144329897,1774,0.404735062006764,0.595264937993236,1774,0.316234498308906,0.227733934611048,0.175310033821871,0.0958286358511838,0.0450958286358512,0.052423900789177,0.0360766629086809,1778,0.308211473565804,0.259280089988751,0.213723284589426,6.63905325443787,0.145393068469992,"defense","recent"
"MIN",3208,-0.0740473084748002,0.415523690773067,0.0720074812967581,0.0268079800498753,1820,0.252747252747253,0.747252747252747,1820,0.132967032967033,0.287912087912088,0.242857142857143,0.110989010989011,0.043956043956044,0.060989010989011,0.0587912087912088,1824,0.299890350877193,0.451206140350877,0.146929824561404,6.587907716786,0.140015910898966,"defense","recent"
"NE",3145,-0.0198929376402891,0.430524642289348,0.0667726550079491,0.0276629570747218,1722,0.436701509872242,0.563298490127758,1722,0.349012775842044,0.199186991869919,0.236353077816492,0.0760743321718931,0.021486643437863,0.0441347270615563,0.0435540069686411,1729,0.268363215731637,0.292076344707924,0.15962984384037,6.56816390858944,0.110323089046493,"defense","recent"
"NO",3239,-0.045533143419097,0.412472985489349,0.0682309354739117,0.0355047854276011,1746,0.457617411225659,0.542382588774341,1746,0.351088201603665,0.202749140893471,0.179266895761741,0.06815578465063,0.0446735395189003,0.0738831615120275,0.0326460481099656,1749,0.265866209262436,0.230989136649514,0.185820468839337,6.56018518518519,0.108024691358025,"defense","recent"
"NYG",3204,0.0342354864371569,0.451935081148564,0.0720973782771536,0.0483770287141074,1746,0.465635738831615,0.534364261168385,1746,0.367697594501718,0.138029782359679,0.234249713631157,0.101947308132875,0.0274914089347079,0.0521191294387171,0.0458190148911798,1747,0.301659988551803,0.368059530623927,0.163709215798512,6.60670731707317,0.11890243902439,"defense","recent"
"NYJ",3244,0.00587140374672841,0.413070283600495,0.0656596794081381,0.0369913686806412,1667,0.457108578284343,0.542891421715657,1667,0.355128974205159,0.181163767246551,0.172165566886623,0.0839832033593281,0.0485902819436113,0.0599880023995201,0.0419916016796641,1670,0.297005988023952,0.244311377245509,0.198203592814371,6.65527065527066,0.14031339031339,"defense","recent"
"PHI",3201,-0.0446569594379667,0.417057169634489,0.0674789128397376,0.0324898469228366,1853,0.484079870480302,0.515920129519698,1853,0.358337830545062,0.154883971937399,0.174311926605505,0.0766324878575283,0.0442525634106854,0.091743119266055,0.0339989206691851,1853,0.295736643281166,0.202374527792768,0.217485159201295,6.50169491525424,0.1,"defense","recent"
"PIT",3240,-0.0251158762720103,0.425925925925926,0.0842592592592593,0.0305555555555556,1887,0.398516163222046,0.601483836777954,1887,0.307366189719131,0.184419713831479,0.275569687334393,0.0662427133015368,0.0381558028616852,0.0673025967143614,0.0238473767885533,1891,0.305129561078794,0.282919090428345,0.200423056583818,6.80885972108285,0.228876127973749,"defense","recent"
"SEA",3288,-0.0322654083273239,0.425182481751824,0.0650851581508516,0.0295012165450122,1888,0.38771186440678,0.61228813559322,1888,0.280190677966102,0.228283898305085,0.203389830508475,0.0757415254237288,0.0529661016949153,0.0752118644067797,0.0323093220338983,1890,0.316402116402116,0.221164021164021,0.216402116402116,6.56230031948882,0.12779552715655,"defense","recent"
"SF",3113,0.0016682008071699,0.446514616125923,0.065531641503373,0.0279473176999679,1817,0.319207484865162,0.680792515134838,1817,0.266373142542653,0.17831590533847,0.260319207484865,0.139240506329114,0.0594386351128233,0.0302696752889378,0.0225646670335718,1817,0.276279581728123,0.204407713498623,0.200330214639516,6.38103448275862,0.0681034482758621,"defense","recent"
"TB",3160,-0.00313744094999102,0.438924050632911,0.079746835443038,0.0284810126582278,1923,0.320852834113365,0.679147165886635,1923,0.22516900676027,0.169006760270411,0.305772230889236,0.113364534581383,0.0405616224648986,0.0598023920956838,0.0358814352574103,1929,0.31104199066874,0.334888543286677,0.173146708138932,6.76595744680851,0.203515263644773,"defense","recent"
"TEN",3121,0.0317588772463763,0.43383530919577,0.0743351489907081,0.0317206023710349,1670,0.364071856287425,0.635928143712575,1670,0.256287425149701,0.201796407185629,0.217964071856287,0.104191616766467,0.0526946107784431,0.0658682634730539,0.0419161676646707,1675,0.285970149253731,0.21910447761194,0.198805970149254,6.55167055167055,0.103341103341103,"defense","recent"
"WAS",3250,0.0728724469740563,0.448923076923077,0.0815384615384615,0.0412307692307692,1752,0.41324200913242,0.58675799086758,1752,0.322488584474886,0.199200913242009,0.169520547945205,0.115296803652968,0.0410958904109589,0.0507990867579909,0.0399543378995434,1753,0.286366229321164,0.302338847689675,0.175698802053622,6.52035529237602,0.0910436713545522,"defense","recent"
