"team","run_gap","carries_allowed","yards_per_carry_allowed","epa_per_rush_allowed","success_rate_allowed","explosive_rate_allowed","evidence_class","output_class","window"
"ARI","END",1185,5.32067510548523,0.02146102020321,0.441350210970464,0.151898734177215,"STRONG","OBSERVED","career"
"ARI","GUARD",735,4.05986394557823,-0.0811629377207166,0.382312925170068,0.0639455782312925,"STRONG","OBSERVED","career"
"ARI","TACKLE",1429,4.15325402379287,-0.130269939650124,0.358292512246326,0.0846745976207138,"STRONG","OBSERVED","career"
"ATL","END",1397,4.85755189692198,-0.0079669317372848,0.45025053686471,0.114531138153185,"STRONG","OBSERVED","career"
"ATL","GUARD",1756,4.13439635535307,-0.0330448020514924,0.42995444191344,0.0506833712984055,"STRONG","OBSERVED","career"
"ATL","TACKLE",1550,4.14838709677419,-0.0793593887432716,0.381935483870968,0.0645161290322581,"STRONG","OBSERVED","career"
"BAL","END",959,4.60896767466111,-0.0625344328794172,0.421272158498436,0.103232533889468,"STRONG","OBSERVED","career"
"BAL","GUARD",2054,3.79065238558909,-0.125881731845609,0.355890944498539,0.0472249269717624,"STRONG","OBSERVED","career"
"BAL","TACKLE",1243,4.34352373290427,-0.0581475491229793,0.37087691069992,0.078841512469831,"STRONG","OBSERVED","career"
"BUF","END",1062,5.52165725047081,0.10975554228367,0.483050847457627,0.145009416195857,"STRONG","OBSERVED","career"
"BUF","GUARD",1512,4.26917989417989,-0.0452888355525785,0.369708994708995,0.0806878306878307,"STRONG","OBSERVED","career"
"BUF","TACKLE",1204,4.45265780730897,-0.0718481585396642,0.367940199335548,0.0921926910299003,"STRONG","OBSERVED","career"
"CAR","END",1178,4.96010186757215,0.0212757350501906,0.446519524617996,0.131578947368421,"STRONG","OBSERVED","career"
"CAR","GUARD",1439,4.21820708825573,-0.0504603837715478,0.382904794996525,0.0611535788742182,"STRONG","OBSERVED","career"
"CAR","TACKLE",1383,4.47360809833695,-0.0533619437756827,0.374548083875632,0.081706435285611,"STRONG","OBSERVED","career"
"CHI","END",1378,4.83526850507982,-0.00764478207631144,0.426705370101596,0.113207547169811,"STRONG","OBSERVED","career"
"CHI","GUARD",1712,4.16588785046729,-0.0276747058552638,0.408878504672897,0.0660046728971963,"STRONG","OBSERVED","career"
"CHI","TACKLE",1651,4.5923682616596,-0.0574589914687904,0.384009691096305,0.0793458509993943,"STRONG","OBSERVED","career"
"CIN","END",1223,5.38675388389207,0.0732921396883243,0.462796402289452,0.133278822567457,"STRONG","OBSERVED","career"
"CIN","GUARD",1838,4.22578890097933,-0.026950735057764,0.406964091403699,0.0745375408052231,"STRONG","OBSERVED","career"
"CIN","TACKLE",1474,4.44843962008141,-0.0535506044789563,0.396879240162822,0.0766621438263229,"STRONG","OBSERVED","career"
"CLE","END",1068,5.70224719101124,0.102121197571636,0.470037453183521,0.155430711610487,"STRONG","OBSERVED","career"
"CLE","GUARD",2360,4.04025423728813,-0.0663201037449261,0.370762711864407,0.0614406779661017,"STRONG","OBSERVED","career"
"CLE","TACKLE",1450,4.61448275862069,-0.0303736632643733,0.407586206896552,0.0958620689655172,"STRONG","OBSERVED","career"
"DAL","END",1497,5.18303273213093,0.0424332735404762,0.463593854375417,0.144288577154309,"STRONG","OBSERVED","career"
"DAL","GUARD",1155,4.05887445887446,-0.0772699228093736,0.400865800865801,0.058008658008658,"STRONG","OBSERVED","career"
"DAL","TACKLE",1462,4.51231190150479,-0.0422740439393883,0.376196990424077,0.0834473324213406,"STRONG","OBSERVED","career"
"DEN","END",978,4.6278118609407,-0.064730681242957,0.393660531697341,0.101226993865031,"STRONG","OBSERVED","career"
"DEN","GUARD",1313,3.82330540746383,-0.119081368808903,0.353389185072354,0.0472201066260472,"STRONG","OBSERVED","career"
"DEN","TACKLE",1323,4.3968253968254,-0.0601131585324367,0.363567649281935,0.0702947845804989,"STRONG","OBSERVED","career"
"DET","END",1414,4.84865629420085,-0.0226754789604,0.424328147100424,0.106082036775106,"STRONG","OBSERVED","career"
"DET","GUARD",764,4.18455497382199,-0.0625464649768946,0.3782722513089,0.056282722513089,"STRONG","OBSERVED","career"
"DET","TACKLE",1584,4.35164141414141,-0.0771006405094778,0.378156565656566,0.067550505050505,"STRONG","OBSERVED","career"
"GB","END",1428,4.84803921568628,0.0219840937622973,0.434173669467787,0.119047619047619,"STRONG","OBSERVED","career"
"GB","GUARD",1314,4.01978691019787,-0.0199938695845232,0.423896499238965,0.0487062404870624,"STRONG","OBSERVED","career"
"GB","TACKLE",1399,4.58970693352395,-0.0152888795739256,0.408863473909936,0.0786275911365261,"STRONG","OBSERVED","career"
"HOU","END",1163,5.12897678417884,0.0155457324396567,0.447979363714532,0.13585554600172,"STRONG","OBSERVED","career"
"HOU","GUARD",1494,4.22088353413655,-0.0689292247859803,0.370147255689424,0.0642570281124498,"STRONG","OBSERVED","career"
"HOU","TACKLE",1266,4.41074249605056,-0.0713296443141304,0.373617693522907,0.0813586097946288,"STRONG","OBSERVED","career"
"IND","END",1434,4.87726638772663,-0.0180290554772747,0.410041841004184,0.113668061366806,"STRONG","OBSERVED","career"
"IND","GUARD",1112,3.59442446043166,-0.118264542542619,0.363309352517986,0.0494604316546763,"STRONG","OBSERVED","career"
"IND","TACKLE",1313,4.27418126428028,-0.0769837853324802,0.384615384615385,0.0715917745620716,"STRONG","OBSERVED","career"
"JAX","END",1675,4.61492537313433,-0.0209792744849709,0.413731343283582,0.114029850746269,"STRONG","OBSERVED","career"
"JAX","GUARD",951,4.15878023133543,-0.0640517455482971,0.378548895899054,0.0630914826498423,"STRONG","OBSERVED","career"
"JAX","TACKLE",888,4.52815315315315,-0.0598430471269347,0.36036036036036,0.0777027027027027,"STRONG","OBSERVED","career"
"KC","END",1344,4.90625,0.00373260686664538,0.4375,0.104910714285714,"STRONG","OBSERVED","career"
"KC","GUARD",1251,4.13109512390088,-0.0509317941341976,0.403677058353318,0.0543565147881695,"STRONG","OBSERVED","career"
"KC","TACKLE",915,4.36393442622951,-0.096477044399355,0.379234972677596,0.0896174863387978,"STRONG","OBSERVED","career"
"LAC","END",1249,5.08246597277823,-0.0138615204488762,0.422738190552442,0.11609287429944,"STRONG","OBSERVED","career"
"LAC","GUARD",1173,4.09803921568628,-0.0616306423706623,0.397271952259164,0.0494458653026428,"STRONG","OBSERVED","career"
"LAC","TACKLE",1238,4.92407108239095,-0.0244124740472543,0.420032310177706,0.103392568659128,"STRONG","OBSERVED","career"
"LAR","END",1099,4.88171064604186,-0.00509321818194383,0.427661510464058,0.121929026387625,"STRONG","OBSERVED","career"
"LAR","GUARD",1100,3.90454545454545,-0.118110104499764,0.352727272727272,0.0645454545454545,"STRONG","OBSERVED","career"
"LAR","TACKLE",1507,4.31917717319177,-0.0846030138458317,0.372926343729263,0.0882548108825481,"STRONG","OBSERVED","career"
"LV","END",1171,4.62339880444065,0.0123703607367874,0.4466268146883,0.112724167378309,"STRONG","OBSERVED","career"
"LV","GUARD",1440,4.15833333333333,-0.084461119538821,0.377083333333333,0.0569444444444444,"STRONG","OBSERVED","career"
"LV","TACKLE",1325,4.44754716981132,-0.0440955185468939,0.387169811320755,0.0769811320754717,"STRONG","OBSERVED","career"
"MIA","END",1112,5.39118705035971,0.0807767015136681,0.469424460431655,0.133992805755396,"STRONG","OBSERVED","career"
"MIA","GUARD",1683,4.18894830659537,-0.045234292959419,0.390968508615567,0.0576351752822341,"STRONG","OBSERVED","career"
"MIA","TACKLE",1375,4.31709090909091,-0.0920265747953355,0.371636363636363,0.0836363636363636,"STRONG","OBSERVED","career"
"MIN","END",1546,4.67593790426908,-0.0702875339055708,0.423673997412678,0.100905562742561,"STRONG","OBSERVED","career"
"MIN","GUARD",1349,3.94217939214233,-0.0904767567019993,0.383988139362491,0.0459599703484062,"STRONG","OBSERVED","career"
"MIN","TACKLE",1333,4.31282820705176,-0.0652568850680659,0.396849212303076,0.0532633158289572,"STRONG","OBSERVED","career"
"NE","END",1120,5.12053571428571,0.0338929616035803,0.454464285714286,0.124107142857143,"STRONG","OBSERVED","career"
"NE","GUARD",1484,4.14353099730458,-0.0750526997303333,0.392183288409703,0.0579514824797844,"STRONG","OBSERVED","career"
"NE","TACKLE",1264,4.01819620253165,-0.124453783252518,0.363924050632911,0.0735759493670886,"STRONG","OBSERVED","career"
"NO","END",1396,5.31733524355301,0.0547969892975786,0.453438395415473,0.131805157593123,"STRONG","OBSERVED","career"
"NO","GUARD",1858,3.83476856835307,-0.129263898646075,0.369214208826695,0.0468245425188375,"STRONG","OBSERVED","career"
"NO","TACKLE",1377,4.43790849673203,-0.0685587941080017,0.364560639070443,0.0769789397240378,"STRONG","OBSERVED","career"
"NYG","END",1689,5.20663114268798,0.0489454778128061,0.450562462995856,0.143872113676732,"STRONG","OBSERVED","career"
"NYG","GUARD",1389,4.20446364290857,-0.0178422021521693,0.408927285817134,0.0561555075593952,"STRONG","OBSERVED","career"
"NYG","TACKLE",1509,4.43074884029158,-0.06479368936852,0.352551358515573,0.0781974817760106,"STRONG","OBSERVED","career"
"NYJ","END",1292,4.63467492260062,-0.0467451381205128,0.407120743034055,0.121517027863777,"STRONG","OBSERVED","career"
"NYJ","GUARD",1500,4.136,-0.0554688947712907,0.369999999999999,0.062,"STRONG","OBSERVED","career"
"NYJ","TACKLE",1449,3.82056590752243,-0.110147886874179,0.347826086956521,0.0710835058661146,"STRONG","OBSERVED","career"
"PHI","END",1634,4.71542227662179,-0.0380293947264749,0.422276621787025,0.112607099143207,"STRONG","OBSERVED","career"
"PHI","GUARD",1113,3.71877807726864,-0.11529799257174,0.367475292003594,0.0476190476190476,"STRONG","OBSERVED","career"
"PHI","TACKLE",1159,3.95427092320966,-0.13396447975071,0.337359792924935,0.0586712683347714,"STRONG","OBSERVED","career"
"PIT","END",782,5.18797953964194,0.0460699141701512,0.443734015345269,0.118925831202046,"STRONG","OBSERVED","career"
"PIT","GUARD",1683,4.14438502673797,-0.0735728111464923,0.386215092097445,0.0683303624480095,"STRONG","OBSERVED","career"
"PIT","TACKLE",1456,4.53159340659341,-0.063377291956605,0.357142857142857,0.0906593406593407,"STRONG","OBSERVED","career"
"SEA","END",1127,4.88376220053239,-0.0113193904562638,0.447204968944099,0.0967169476486247,"STRONG","OBSERVED","career"
"SEA","GUARD",1270,3.74488188976378,-0.115705433615708,0.359055118110236,0.0496062992125984,"STRONG","OBSERVED","career"
"SEA","TACKLE",1456,4.20741758241759,-0.0942208669249383,0.36195054945055,0.073489010989011,"STRONG","OBSERVED","career"
"SF","END",1084,4.95295202952029,0.0306400932325963,0.457564575645757,0.116236162361624,"STRONG","OBSERVED","career"
"SF","GUARD",1365,4.09304029304029,-0.0626338655132788,0.405128205128205,0.0593406593406593,"STRONG","OBSERVED","career"
"SF","TACKLE",1290,4.13565891472868,-0.0906288599070696,0.362790697674419,0.0596899224806202,"STRONG","OBSERVED","career"
"TB","END",1322,4.54009077155824,-0.0676840971190852,0.413767019667171,0.121028744326778,"STRONG","OBSERVED","career"
"TB","GUARD",1277,3.90054815974942,-0.0669266005011986,0.380579483163665,0.0587314017227878,"STRONG","OBSERVED","career"
"TB","TACKLE",1219,4.233798195242,-0.1002627183769,0.342904019688269,0.0861361771944217,"STRONG","OBSERVED","career"
"TEN","END",1189,4.74264087468461,0.0278451049460572,0.452481076534903,0.107653490328007,"STRONG","OBSERVED","career"
"TEN","GUARD",1311,4.02135774218154,-0.0512150184601547,0.383676582761251,0.0541571319603356,"STRONG","OBSERVED","career"
"TEN","TACKLE",1298,3.99691833590139,-0.0866720116918111,0.36055469953775,0.0593220338983051,"STRONG","OBSERVED","career"
"WAS","END",1656,5.26751207729469,0.0210252407786722,0.454710144927536,0.111111111111111,"STRONG","OBSERVED","career"
"WAS","GUARD",1370,4.32408759124088,-0.0152291240288793,0.400729927007299,0.0583941605839416,"STRONG","OBSERVED","career"
"WAS","TACKLE",1362,4.19089574155653,-0.0912948828876213,0.370778267254038,0.0763582966226138,"STRONG","OBSERVED","career"
"ARI","END",246,5.73983739837398,0.0615087604243372,0.451219512195122,0.150406504065041,"STRONG","OBSERVED","recent"
"ARI","GUARD",216,3.78703703703704,-0.0947293508353303,0.407407407407407,0.0648148148148148,"STRONG","OBSERVED","recent"
"ARI","TACKLE",389,4.96143958868895,-0.00430318493981945,0.408740359897172,0.089974293059126,"STRONG","OBSERVED","recent"
"ATL","END",254,3.78740157480315,-0.145067895883931,0.405511811023622,0.0708661417322835,"STRONG","OBSERVED","recent"
"ATL","GUARD",416,4.40144230769231,-0.0253144867403299,0.435096153846154,0.0625,"STRONG","OBSERVED","recent"
"ATL","TACKLE",340,3.96470588235294,-0.0951949952386657,0.36764705882353,0.0676470588235294,"STRONG","OBSERVED","recent"
"BAL","END",220,5.04545454545454,-0.0329805478892657,0.459090909090909,0.118181818181818,"STRONG","OBSERVED","recent"
"BAL","GUARD",362,3.60220994475138,-0.152859133042191,0.348066298342541,0.0414364640883978,"STRONG","OBSERVED","recent"
"BAL","TACKLE",275,4.42545454545455,-0.0823747821258172,0.352727272727273,0.08,"STRONG","OBSERVED","recent"
"BUF","END",308,5.62662337662338,0.125970350859576,0.474025974025974,0.142857142857143,"STRONG","OBSERVED","recent"
"BUF","GUARD",334,4.69760479041916,0.00357680756350714,0.404191616766467,0.0748502994011976,"STRONG","OBSERVED","recent"
"BUF","TACKLE",223,4.25112107623318,-0.171626469542282,0.318385650224215,0.0941704035874439,"STRONG","OBSERVED","recent"
"CAR","END",356,5.60393258426966,0.145206931911343,0.474719101123596,0.143258426966292,"STRONG","OBSERVED","recent"
"CAR","GUARD",347,4.23631123919308,-0.00420038024057864,0.400576368876081,0.0461095100864553,"STRONG","OBSERVED","recent"
"CAR","TACKLE",375,4.528,0.0180381280762803,0.437333333333333,0.0533333333333333,"STRONG","OBSERVED","recent"
"CHI","END",316,4.77848101265822,-0.0297558570418497,0.411392405063291,0.123417721518987,"STRONG","OBSERVED","recent"
"CHI","GUARD",343,4.57142857142857,0.00534986904614818,0.419825072886297,0.075801749271137,"STRONG","OBSERVED","recent"
"CHI","TACKLE",345,4.58260869565217,-0.0386843248161189,0.411594202898551,0.0811594202898551,"STRONG","OBSERVED","recent"
"CIN","END",296,6.03716216216216,0.157865352277154,0.47972972972973,0.14527027027027,"STRONG","OBSERVED","recent"
"CIN","GUARD",398,4.24623115577889,-0.031373540850568,0.419597989949749,0.0703517587939698,"STRONG","OBSERVED","recent"
"CIN","TACKLE",321,4.9190031152648,0.00171412637842028,0.395638629283489,0.0872274143302181,"STRONG","OBSERVED","recent"
"CLE","END",313,5.91373801916933,0.10329011271945,0.450479233226837,0.140575079872204,"STRONG","OBSERVED","recent"
"CLE","GUARD",375,3.864,-0.13713956662613,0.349333333333333,0.0666666666666667,"STRONG","OBSERVED","recent"
"CLE","TACKLE",277,4.1768953068592,-0.129672804687842,0.353790613718412,0.101083032490975,"STRONG","OBSERVED","recent"
"DAL","END",315,5.43492063492064,0.11042060382248,0.501587301587302,0.146031746031746,"STRONG","OBSERVED","recent"
"DAL","GUARD",277,3.95306859205776,-0.0369255293181851,0.429602888086643,0.0577617328519856,"STRONG","OBSERVED","recent"
"DAL","TACKLE",311,4.983922829582,0.0413314563526238,0.418006430868167,0.090032154340836,"STRONG","OBSERVED","recent"
"DEN","END",230,4.41304347826087,-0.0735796976087256,0.408695652173913,0.11304347826087,"STRONG","OBSERVED","recent"
"DEN","GUARD",332,3.93072289156627,-0.0963593944979174,0.364457831325301,0.0451807228915663,"STRONG","OBSERVED","recent"
"DEN","TACKLE",296,4.39189189189189,-0.124158087505543,0.327702702702703,0.0641891891891892,"STRONG","OBSERVED","recent"
"DET","END",312,4.71474358974359,-0.0726522331066179,0.416666666666667,0.0993589743589744,"STRONG","OBSERVED","recent"
"DET","GUARD",152,4.42105263157895,-0.0402476355593694,0.381578947368421,0.0592105263157895,"STRONG","OBSERVED","recent"
"DET","TACKLE",318,3.97169811320755,-0.0690164362380951,0.349056603773585,0.050314465408805,"STRONG","OBSERVED","recent"
"GB","END",334,4.33532934131737,-0.0666322666835024,0.401197604790419,0.119760479041916,"STRONG","OBSERVED","recent"
"GB","GUARD",284,3.81338028169014,-0.0258589929249261,0.419014084507042,0.0352112676056338,"STRONG","OBSERVED","recent"
"GB","TACKLE",286,4.75874125874126,-0.0566892168613742,0.423076923076923,0.0944055944055944,"STRONG","OBSERVED","recent"
"HOU","END",221,3.710407239819,-0.123033411569539,0.411764705882353,0.113122171945701,"STRONG","OBSERVED","recent"
"HOU","GUARD",323,3.69349845201238,-0.129849317261333,0.340557275541796,0.0464396284829721,"STRONG","OBSERVED","recent"
"HOU","TACKLE",287,3.75609756097561,-0.102276150037734,0.369337979094077,0.0557491289198606,"STRONG","OBSERVED","recent"
"IND","END",281,4.09608540925267,-0.0927811334507249,0.387900355871886,0.0854092526690391,"STRONG","OBSERVED","recent"
"IND","GUARD",328,3.77134146341464,-0.147905230649792,0.353658536585366,0.048780487804878,"STRONG","OBSERVED","recent"
"IND","TACKLE",309,4.21359223300971,-0.0643162384939499,0.40453074433657,0.0679611650485437,"STRONG","OBSERVED","recent"
"JAX","END",278,4.47482014388489,-0.0670100029046458,0.388489208633093,0.10431654676259,"STRONG","OBSERVED","recent"
"JAX","GUARD",217,4.25806451612903,-0.00176539685206687,0.359447004608295,0.0783410138248848,"STRONG","OBSERVED","recent"
"JAX","TACKLE",204,4.20588235294118,-0.0589802395446372,0.362745098039216,0.0784313725490196,"STRONG","OBSERVED","recent"
"KC","END",370,4.80810810810811,0.0118387475824387,0.416216216216216,0.072972972972973,"STRONG","OBSERVED","recent"
"KC","GUARD",308,3.57467532467532,-0.099579913846887,0.366883116883117,0.0324675324675325,"STRONG","OBSERVED","recent"
"KC","TACKLE",195,3.74871794871795,-0.14661748444989,0.343589743589744,0.0615384615384615,"STRONG","OBSERVED","recent"
"LAC","END",258,4.98449612403101,-0.0136643230195609,0.387596899224806,0.116279069767442,"STRONG","OBSERVED","recent"
"LAC","GUARD",293,4.3617747440273,-0.0355874825153265,0.406143344709898,0.0546075085324232,"STRONG","OBSERVED","recent"
"LAC","TACKLE",275,4.33818181818182,-0.0932640060056784,0.392727272727273,0.0690909090909091,"STRONG","OBSERVED","recent"
"LAR","END",256,5.015625,-0.00539462266738155,0.44921875,0.09375,"STRONG","OBSERVED","recent"
"LAR","GUARD",261,4.18007662835249,-0.0362903641998239,0.379310344827586,0.053639846743295,"STRONG","OBSERVED","recent"
"LAR","TACKLE",314,4.76114649681529,-0.0491085001025377,0.385350318471338,0.0796178343949045,"STRONG","OBSERVED","recent"
"LV","END",245,5.1265306122449,0.0316630866124795,0.453061224489796,0.130612244897959,"STRONG","OBSERVED","recent"
"LV","GUARD",366,3.65573770491803,-0.122213621564503,0.385245901639344,0.0437158469945355,"STRONG","OBSERVED","recent"
"LV","TACKLE",271,4.2140221402214,-0.0891639190869676,0.387453874538745,0.0627306273062731,"STRONG","OBSERVED","recent"
"MIA","END",211,4.82464454976303,-0.0207798360264538,0.440758293838863,0.113744075829384,"STRONG","OBSERVED","recent"
"MIA","GUARD",338,4.43786982248521,-0.0292160072622218,0.393491124260355,0.0591715976331361,"STRONG","OBSERVED","recent"
"MIA","TACKLE",267,4.17602996254681,-0.141525800703592,0.337078651685393,0.0898876404494382,"STRONG","OBSERVED","recent"
"MIN","END",276,4.72101449275362,-0.101357019358465,0.442028985507246,0.11231884057971,"STRONG","OBSERVED","recent"
"MIN","GUARD",318,3.94654088050315,-0.0897479902129766,0.380503144654088,0.0566037735849057,"STRONG","OBSERVED","recent"
"MIN","TACKLE",328,3.71646341463414,-0.116802773140758,0.38109756097561,0.0457317073170732,"STRONG","OBSERVED","recent"
"NE","END",305,5.11475409836065,0.0236914492519619,0.442622950819672,0.121311475409836,"STRONG","OBSERVED","recent"
"NE","GUARD",331,3.8429003021148,-0.0221197760691706,0.422960725075529,0.0453172205438066,"STRONG","OBSERVED","recent"
"NE","TACKLE",283,3.8339222614841,-0.159036027965388,0.342756183745583,0.049469964664311,"STRONG","OBSERVED","recent"
"NO","END",343,5.0466472303207,0.028835945168051,0.46064139941691,0.12536443148688,"STRONG","OBSERVED","recent"
"NO","GUARD",415,4.05060240963855,-0.0807295078343299,0.385542168674699,0.036144578313253,"STRONG","OBSERVED","recent"
"NO","TACKLE",310,4.46129032258064,-0.0368123333127615,0.383870967741936,0.0645161290322581,"STRONG","OBSERVED","recent"
"NYG","END",324,5.4537037037037,0.0745888612665544,0.472222222222222,0.160493827160494,"STRONG","OBSERVED","recent"
"NYG","GUARD",338,4.35798816568047,0.0178171392273294,0.446745562130178,0.0591715976331361,"STRONG","OBSERVED","recent"
"NYG","TACKLE",346,5.3728323699422,0.0231727898582171,0.395953757225434,0.0953757225433526,"STRONG","OBSERVED","recent"
"NYJ","END",354,3.97457627118644,-0.0761469587783116,0.42090395480226,0.0932203389830508,"STRONG","OBSERVED","recent"
"NYJ","GUARD",376,4.62765957446809,0.0363411099858774,0.417553191489362,0.0771276595744681,"STRONG","OBSERVED","recent"
"NYJ","TACKLE",315,3.94603174603175,-0.0761884020777023,0.387301587301587,0.0603174603174603,"STRONG","OBSERVED","recent"
"PHI","END",254,5.24015748031496,0.0748508189580982,0.484251968503937,0.133858267716535,"STRONG","OBSERVED","recent"
"PHI","GUARD",382,3.69895287958115,-0.13084169981605,0.361256544502618,0.0445026178010471,"STRONG","OBSERVED","recent"
"PHI","TACKLE",250,3.976,-0.166763545674905,0.312,0.064,"STRONG","OBSERVED","recent"
"PIT","END",204,5.53921568627451,0.0767298919967127,0.470588235294118,0.117647058823529,"STRONG","OBSERVED","recent"
"PIT","GUARD",401,4.10473815461347,-0.140263041735581,0.391521197007481,0.0748129675810474,"STRONG","OBSERVED","recent"
"PIT","TACKLE",297,4.25252525252525,-0.053107996666534,0.35016835016835,0.0875420875420875,"STRONG","OBSERVED","recent"
"SEA","END",272,4.79779411764706,-0.00217407628127172,0.455882352941176,0.113970588235294,"STRONG","OBSERVED","recent"
"SEA","GUARD",365,3.91780821917808,-0.0680633479865568,0.389041095890411,0.0410958904109589,"STRONG","OBSERVED","recent"
"SEA","TACKLE",251,4.65338645418327,-0.0548666175725654,0.378486055776892,0.0836653386454183,"STRONG","OBSERVED","recent"
"SF","END",250,5.584,0.131923405122985,0.512,0.124,"STRONG","OBSERVED","recent"
"SF","GUARD",288,4.10416666666667,-0.0513910276776147,0.423611111111111,0.0625,"STRONG","OBSERVED","recent"
"SF","TACKLE",227,4.30396475770925,-0.0444345350791752,0.400881057268723,0.0616740088105727,"STRONG","OBSERVED","recent"
"TB","END",270,4.55925925925926,-0.0728954646972527,0.388888888888889,0.103703703703704,"STRONG","OBSERVED","recent"
"TB","GUARD",241,4.35684647302904,-0.0083392458016078,0.410788381742739,0.0663900414937759,"STRONG","OBSERVED","recent"
"TB","TACKLE",244,3.49590163934426,-0.167639081558213,0.307377049180328,0.0573770491803279,"STRONG","OBSERVED","recent"
"TEN","END",279,4.62007168458781,0.016860614438584,0.451612903225806,0.111111111111111,"STRONG","OBSERVED","recent"
"TEN","GUARD",284,4.28521126760563,-0.0361920076096521,0.394366197183099,0.0598591549295775,"STRONG","OBSERVED","recent"
"TEN","TACKLE",298,4.70805369127517,0.0285986610509504,0.389261744966443,0.063758389261745,"STRONG","OBSERVED","recent"
"WAS","END",372,5.29032258064516,0.065173938765577,0.467741935483871,0.118279569892473,"STRONG","OBSERVED","recent"
"WAS","GUARD",340,4.48529411764706,0.0436918205161459,0.438235294117647,0.0676470588235294,"STRONG","OBSERVED","recent"
"WAS","TACKLE",339,4.63716814159292,-0.046370303214673,0.377581120943953,0.0973451327433628,"STRONG","OBSERVED","recent"
