"team","live__plays","live__pass_rate","live__shotgun_rate","live__explosive_pass_rate","target_area__charted_pass","target_area__tgt_left","target_area__tgt_middle","target_area__tgt_right","target_area__tgt_behind_los","target_area__tgt_short","target_area__tgt_intermediate","target_area__tgt_deep","rush_area__charted_rush","rush_area__rush_left","rush_area__rush_middle","rush_area__rush_right","formation__charted_formation","formation__form_shotgun","formation__form_empty","formation__form_under_center","formation__form_singleback","formation__form_i_form","formation__form_pistol","ftn__charted_ftn","ftn__play_action_rate","ftn__motion_rate","ftn__rpo_rate","ftn__screen_rate","ftn__no_huddle_rate","box_faced__mean_box_faced","box_faced__light_box_rate","box_faced__heavy_box_rate","side","window"
"ARI",14725,0.598573853989813,0.647266553480475,0.0736842105263158,8147,0.376212102614459,0.227691174665521,0.39609672272002,0.156990303179084,0.483490855529643,0.237633484718301,0.121885356572972,,,,,6258,0.694311281559604,0.13758389261745,0.044263342921061,0.087248322147651,0.00990731863215085,0.0247682965803771,2581,0.213483146067416,0.352963967454475,0.0247965904688105,0.094149554436265,0.18907400232468,6.57889317889318,0.5003861003861,0.154954954954955,"offense","career"
"ATL",14610,0.594592744695414,0.573511293634497,0.0828199863107461,8111,0.385649118481075,0.239551226729133,0.374799654789792,0.135371717420787,0.520281099741092,0.237208728886697,0.107138453951424,,,,,5940,0.607744107744108,0.0872053872053872,0.0287878787878788,0.141414141414141,0.0676767676767677,0.0636363636363636,2169,0.241585984324574,0.537574919317658,0.0161364684186261,0.0926694329183956,0.168280313508529,6.88036884251395,0.364717301625819,0.234651783547683,"offense","career"
"BAL",14951,0.539495685907297,0.683499431476155,0.0688917129289011,7491,0.297690562007743,0.303430783606995,0.398878654385262,0.134294486717394,0.532772660525965,0.209451341609932,0.123481511146709,,,,,5431,0.647578714785491,0.127416682010679,0.0316700423494752,0.0585527527158903,0.0292763763579451,0.102006996869821,2015,0.232258064516129,0.460049627791563,0.0357320099255583,0.0843672456575682,0.0501240694789082,6.94570625135194,0.341985723556132,0.250919316461172,"offense","career"
"BUF",14662,0.544741508661847,0.657345519028782,0.071750102305279,7436,0.38986013986014,0.198493813878429,0.411646046261431,0.156266810112964,0.48951048951049,0.21785906401291,0.136363636363636,,,,,5688,0.709915611814346,0.0970464135021097,0.0483473980309423,0.0905414908579465,0.0332278481012658,0.0172292545710267,2274,0.20712401055409,0.503078276165347,0.0303430079155673,0.0866314863676341,0.0949868073878628,6.78044638524988,0.409995147986414,0.199175157690442,"offense","career"
"CAR",14488,0.56080894533407,0.685670900055218,0.0732330204307013,7491,0.387398211186757,0.189026832198638,0.423574956614604,0.150580696836203,0.483914030169537,0.245361099986651,0.120144173007609,,,,,5902,0.755676042019654,0.0855642155201627,0.0315147407658421,0.0796340223652999,0.0233819044391732,0.0206709589969502,2271,0.198590929106121,0.316600616468516,0.019374724790841,0.0845442536327609,0.100396301188904,6.92112465787509,0.375466533963673,0.248569295844737,"offense","career"
"CHI",14410,0.564954892435808,0.644344205412908,0.06911866759195,7479,0.359272630030753,0.222623345367028,0.41810402460222,0.163925658510496,0.498328653563311,0.207246958149485,0.130498729776708,,,,,5702,0.743423360224483,0.0796211855489302,0.0517362329007366,0.0831287267625395,0.0229743949491407,0.0164854437039635,2223,0.243364822312191,0.486729644624381,0.0202429149797571,0.12280701754386,0.116959064327485,6.75226882511651,0.427029678685308,0.19401520726024,"offense","career"
"CIN",14453,0.596346779215388,0.670864180446966,0.0743098318688162,7986,0.34610568494866,0.232907588279489,0.420986726771851,0.154770848985725,0.521287252692211,0.213623841723015,0.110318056599048,,,,,6285,0.761972951471758,0.103261734287987,0.0198886237072395,0.0835322195704057,0.0127287191726333,0.0143198090692124,2689,0.158795091111938,0.381182595760506,0.026775753068055,0.078839717367051,0.0420230568984753,6.65279691375034,0.495177734913199,0.158445852852025,"offense","career"
"CLE",14699,0.591876998435268,0.592693380502075,0.074494863596163,7979,0.375736307807996,0.20278230354681,0.421481388645194,0.142248402055395,0.510214312570498,0.221706980824665,0.125830304549442,,,,,6074,0.704807375699704,0.0902206124464933,0.0498847546921304,0.0994402370760619,0.0337504115903852,0.0153111623312479,2577,0.211874272409779,0.390764454792394,0.0120294916569655,0.0830422972448584,0.122235157159488,6.85311016737447,0.394454159380465,0.226330252310767,"offense","career"
"DAL",14869,0.5772412401641,0.580805703140763,0.0759970408231892,8041,0.365253077975376,0.227583633876384,0.40716328814824,0.13456037806243,0.545081457530158,0.210794677278945,0.109563487128467,,,,,6117,0.706392022233121,0.0931829328102011,0.054601929050188,0.113127350008174,0.019127023050515,0.0111165604054275,2560,0.232421875,0.480078125,0.023828125,0.076953125,0.11328125,6.81201956673655,0.402049848590729,0.200791986955509,"offense","career"
"DEN",14782,0.581518062508456,0.612772290623732,0.0750236774455419,8043,0.388287952256621,0.204650006216586,0.407062041526793,0.147333084669899,0.528534129056322,0.196319781176178,0.1278130050976,,,,,5924,0.705097906819716,0.0710668467251857,0.0482781904118839,0.115293720459149,0.0450708980418636,0.012660364618501,2422,0.2233691164327,0.335672997522709,0.0363336085879438,0.116845582163501,0.140792733278282,6.78603830645161,0.411038306451613,0.192036290322581,"offense","career"
"DET",14845,0.604445941394409,0.613607275176827,0.0855506904681711,8374,0.353594459039885,0.255314067351326,0.391091473608789,0.166825889658467,0.519703845235252,0.209816097444471,0.10365416766181,,,,,6125,0.692244897959184,0.0790204081632653,0.0873469387755102,0.099265306122449,0.0223673469387755,0.0184489795918367,2444,0.276186579378069,0.532733224222586,0.0114566284779051,0.10392798690671,0.060556464811784,6.81245330012453,0.409962640099626,0.201992528019925,"offense","career"
"GB",14500,0.580413793103448,0.656137931034483,0.0788965517241379,7835,0.376260370134014,0.21148691767709,0.412252712188896,0.168219527760051,0.497894065092533,0.199872367581366,0.13401403956605,,,,,5928,0.678137651821862,0.108805668016194,0.0512820512820513,0.104925775978408,0.0369433198380567,0.0180499325236167,2219,0.241099594411897,0.480396575033799,0.0446146913023885,0.0941865705272645,0.0991437584497521,6.71064158721979,0.448595722751868,0.157691316670961,"offense","career"
"HOU",14754,0.574352717907008,0.605327368849126,0.0741493832181103,7817,0.364206217218882,0.236791608033773,0.399002174747346,0.130612767046181,0.522067289241397,0.230267365997186,0.117052577715236,,,,,5968,0.695542895442359,0.119973190348525,0.0591487935656836,0.083612600536193,0.0261394101876676,0.0144101876675603,2482,0.227639000805802,0.489524576954069,0.0120870265914585,0.0922643029814666,0.0858178887993554,6.7810650887574,0.403910470800103,0.184461023925907,"offense","career"
"IND",14803,0.579342025265149,0.659123150712693,0.0762683239883807,8000,0.37,0.22975,0.40025,0.1465,0.512125,0.224625,0.11675,,,,,5863,0.780487804878049,0.0828927170390585,0.0223435101483882,0.0888623571550401,0.012280402524305,0.0107453522087668,2395,0.233820459290188,0.372025052192067,0.0375782881002088,0.0755741127348643,0.120668058455115,6.71607314725698,0.446823869104909,0.172521655437921,"offense","career"
"JAX",14541,0.60669830135479,0.660477271164294,0.0729660958668592,8143,0.373572393466781,0.219083875721479,0.40734373081174,0.155348151786811,0.511850669286504,0.220803143804495,0.111998035122191,,,,,6146,0.787666775138301,0.0662219329645298,0.0367718841522942,0.0785876993166287,0.0214773836641718,0.00764725024406118,2461,0.209264526615197,0.417716375457131,0.0296627387240959,0.10646078829744,0.0849248273059732,6.80796623582168,0.423107359535743,0.217620680559219,"offense","career"
"KC",14457,0.589748910562357,0.701321159299993,0.080168776371308,7983,0.374295377677565,0.208568207440812,0.417136414881623,0.195289991231367,0.502818489289741,0.194914192659401,0.106977326819491,,,,,6298,0.811845030168307,0.0674817402349952,0.0273102572245157,0.0579549063194665,0.015242934264846,0.0171483010479517,2605,0.177351247600768,0.54126679462572,0.054510556621881,0.12552783109405,0.0249520153550864,6.58454647256439,0.53471444568869,0.142777155655095,"offense","career"
"LAC",14800,0.599189189189189,0.677162162162162,0.0827027027027027,8275,0.374864048338369,0.219939577039275,0.405196374622356,0.162900302114804,0.506102719033233,0.216435045317221,0.114561933534743,,,,,6324,0.72011385199241,0.09044908285895,0.0377925363693865,0.103099304237824,0.0295698924731183,0.0159709044908286,2598,0.247113163972286,0.463048498845266,0.0261739799846035,0.0831408775981524,0.0939183987682833,6.8016507608976,0.420686097498066,0.205571318029404,"offense","career"
"LAR",14328,0.577191513121161,0.46894193188163,0.0803322166387493,7741,0.373336778194032,0.215863583516342,0.410799638289627,0.149722258106188,0.531197519700297,0.205399819144813,0.113680403048702,,,,,6000,0.556,0.1295,0.0868333333333333,0.190666666666667,0.013,0.0228333333333333,2408,0.273671096345515,0.558554817275748,0.0124584717607973,0.0942691029900332,0.135797342192691,6.73528693528694,0.423199023199023,0.174114774114774,"offense","career"
"LV",14246,0.605784079741682,0.606626421451636,0.0764425101782957,8039,0.364597586764523,0.236596591615873,0.398805821619604,0.15064062694365,0.531036198532156,0.20537380271178,0.112949371812414,,,,,6016,0.714594414893617,0.0844414893617021,0.0511968085106383,0.0935837765957447,0.0443816489361702,0.00897606382978723,2472,0.212378640776699,0.459546925566343,0.0161812297734628,0.0813106796116505,0.0950647249190938,6.79291338582677,0.423097112860892,0.207349081364829,"offense","career"
"MIA",14054,0.600327308951188,0.714173900668849,0.0764195246904796,7788,0.379943502824859,0.222521828454032,0.397534668721109,0.153697996918336,0.500770416024653,0.233692860811505,0.111838726245506,,,,,5892,0.713509843856076,0.0957230142566191,0.0283435166327223,0.086897488119484,0.0151052274270197,0.0583842498302783,2358,0.274385072094996,0.693808312128923,0.0407124681933842,0.110687022900763,0.0576759966072943,6.65307753796962,0.46576072475353,0.150013322675193,"offense","career"
"MIN",14361,0.574820694937678,0.489380962328529,0.0783371631501985,7616,0.371060924369748,0.206144957983193,0.422794117647059,0.165703781512605,0.517331932773109,0.202862394957983,0.114101890756303,,,,,6003,0.60519740129935,0.0946193569881726,0.0806263534899217,0.147592870231551,0.0633016824920873,0.00533066799933367,2530,0.277470355731225,0.458893280632411,0.0185770750988142,0.0980237154150198,0.144268774703557,6.90409239266884,0.369570675370324,0.237760482048707,"offense","career"
"NE",14908,0.567346391199356,0.530922994365441,0.0796216796350953,7921,0.399570761267517,0.245676051003661,0.354753187728822,0.153515970205782,0.534528468627699,0.193788663047595,0.118166898118924,,,,,5767,0.669672273279001,0.0882607941737472,0.0499393098664817,0.116351655973643,0.054967920929426,0.010750823651812,2312,0.180795847750865,0.447664359861592,0.023356401384083,0.10121107266436,0.0817474048442907,6.94615021256495,0.349078885214927,0.249173358526216,"offense","career"
"NO",14845,0.586594813068373,0.550286291680701,0.0827214550353654,8196,0.372864812103465,0.210956564177648,0.416178623718887,0.162030258662762,0.522327964860908,0.204123962908736,0.111517813567594,,,,,5856,0.679815573770492,0.0951161202185792,0.0478142076502732,0.118681693989071,0.0399590163934426,0.0119535519125683,2410,0.157676348547718,0.368879668049793,0.0145228215767635,0.0746887966804979,0.139834024896266,6.89945587887391,0.3550981783771,0.235628105039035,"offense","career"
"NYG",14507,0.593851244226925,0.651892189977252,0.0689322396084649,7969,0.352867361023968,0.248462793324131,0.398669845651901,0.139791692809637,0.543606475090978,0.208934621658928,0.107667210440457,,,,,6069,0.779205799967046,0.0570110397100016,0.0388861426923711,0.091118800461361,0.0237271379139891,0.00790904597132971,2368,0.224239864864865,0.353885135135135,0.0367398648648649,0.0734797297297297,0.166807432432432,6.68898770599006,0.471619147266545,0.170546691080303,"offense","career"
"NYJ",14270,0.580168185003504,0.639803784162579,0.0678346180798879,7585,0.371654581410679,0.211733684904417,0.416611733684904,0.149110085695452,0.512458800263678,0.219248516809492,0.119182597231378,,,,,5964,0.701039570757881,0.107813547954393,0.0494634473507713,0.104627766599598,0.02280348759222,0.0129107981220657,2529,0.192170818505338,0.408461842625544,0.0276789244760775,0.0846184262554369,0.107947805456702,6.69433962264151,0.455256064690027,0.176280323450135,"offense","career"
"PHI",15233,0.557736493139894,0.787829055340379,0.0747062298956214,7865,0.387285441830896,0.183725365543547,0.428989192625556,0.157406230133503,0.494087730451367,0.225556261919898,0.122949777495232,,,,,5888,0.810631793478261,0.0750679347826087,0.0147758152173913,0.0786345108695652,0.00322690217391304,0.0166440217391304,2203,0.215161143894689,0.358147980027236,0.070812528370404,0.0835224693599637,0.195642305946437,6.71627482309975,0.463592787034924,0.171193791371833,"offense","career"
"PIT",14619,0.595252753266297,0.660305082426979,0.0741500786647513,8147,0.359150607585614,0.251135387259114,0.389714005155272,0.168651037191604,0.500429605989935,0.202405793543636,0.128513563274825,,,,,6087,0.745687530803351,0.131920486282241,0.0407425661245277,0.0522424839822573,0.0111713487760802,0.0147856086742238,2270,0.183259911894273,0.381057268722467,0.0273127753303965,0.0960352422907489,0.15374449339207,6.82687468545546,0.413688978359336,0.213135379969804,"offense","career"
"SEA",14173,0.546884922034855,0.627460664644041,0.079658505609257,7075,0.387985865724382,0.202120141342756,0.409893992932862,0.148551236749117,0.509964664310954,0.206219081272085,0.135265017667845,,,,,5740,0.692508710801394,0.0977351916376307,0.054006968641115,0.107317073170732,0.0236933797909408,0.0221254355400697,2376,0.223905723905724,0.419612794612795,0.0122053872053872,0.0841750841750842,0.16456228956229,6.6707159472732,0.457224088911864,0.163349702765573,"offense","career"
"SF",14278,0.542863146098893,0.554069197366578,0.0798431152822524,7140,0.37436974789916,0.245098039215686,0.380532212885154,0.130952380952381,0.533473389355742,0.233333333333333,0.102240896358543,,,,,5625,0.648711111111111,0.0951111111111111,0.0625777777777778,0.0993777777777778,0.0732444444444444,0.0192,2225,0.200449438202247,0.65752808988764,0.0161797752808989,0.0867415730337079,0.0404494382022472,6.9188560799814,0.337363403859568,0.255754475703325,"offense","career"
"TB",14766,0.605106325342002,0.56101855614249,0.0860761208180956,8359,0.3788730709415,0.237109702117478,0.384017226941022,0.127886110778801,0.48917334609403,0.247876540256011,0.135064002871157,,,,,6541,0.702033328237273,0.0805687203791469,0.0386791010548846,0.132242776333894,0.0357743464302094,0.00856138205167406,2583,0.173441734417344,0.435540069686411,0.0174216027874564,0.104529616724739,0.131629887727449,6.74839743589744,0.440972222222222,0.18616452991453,"offense","career"
"TEN",13977,0.554625456106461,0.562137797810689,0.0724762109179366,7057,0.361485050304662,0.238061499220632,0.400453450474706,0.144962448632563,0.50049596145671,0.233952104293609,0.120589485617118,,,,,5366,0.694558330227357,0.0672754379426016,0.0471487141259784,0.119269474468878,0.0510622437569884,0.0175177040626165,2260,0.225221238938053,0.335840707964602,0.0269911504424779,0.105309734513274,0.0938053097345133,7.02847805788982,0.295985060690943,0.299953314659197,"offense","career"
"WAS",14433,0.573546733180905,0.694103789925864,0.073304233354119,7590,0.338076416337286,0.262187088274045,0.399736495388669,0.159156785243742,0.524505928853755,0.20197628458498,0.114361001317523,,,,,5871,0.751149718957588,0.0955544200306592,0.0129449838187702,0.104411514222449,0.0146482711633453,0.0195878044626128,2373,0.210703750526759,0.39401601348504,0.04551201011378,0.101980615254952,0.345975558364939,6.69136118943861,0.472699307869777,0.174826967444245,"offense","career"
"ARI",3200,0.59,0.7075,0.070625,1744,0.394495412844037,0.212729357798165,0.392775229357798,0.17947247706422,0.516628440366973,0.202408256880734,0.101490825688073,,,,,1874,0.834578441835646,0,0.147812166488794,0,0,0.0176093916755603,1875,0.2368,0.390933333333333,0.0154666666666667,0.0842666666666667,0.126933333333333,6.4364406779661,0.6,0.0847457627118644,"offense","recent"
"ATL",3238,0.537368746139592,0.786905497220507,0.0741198270537369,1623,0.40234134319162,0.197165742452249,0.400492914356131,0.185459026494147,0.449784349969193,0.249537892791128,0.115218730745533,,,,,1719,0.763816172193136,0,0.0994764397905759,0,0,0.136707388016289,1721,0.20569436374201,0.561882626380012,0.00871586287042417,0.0900639163277164,0.171411969785009,6.53053977272727,0.559659090909091,0.115767045454545,"offense","recent"
"BAL",3112,0.484575835475578,0.723329048843188,0.0761568123393316,1384,0.36271676300578,0.24349710982659,0.39378612716763,0.169797687861272,0.465317919075145,0.236994219653179,0.127890173410405,,,,,1492,0.873324396782842,0,0.115281501340483,0,0,0.0113941018766756,1494,0.222222222222222,0.471218206157965,0.0301204819277108,0.0937081659973226,0.0502008032128514,6.82692307692308,0.408119658119658,0.205840455840456,"offense","recent"
"BUF",3236,0.521013597033375,0.619283065512979,0.0781829419035847,1590,0.39874213836478,0.176729559748428,0.424528301886792,0.191194968553459,0.461635220125786,0.214465408805031,0.132704402515723,,,,,1668,0.822541966426859,0,0.164868105515588,0,0,0.012589928057554,1668,0.207434052757794,0.558752997601918,0.025779376498801,0.0977218225419664,0.0893285371702638,6.68605518269948,0.456375838926175,0.157345264727815,"offense","recent"
"CAR",3111,0.575377692060431,0.720990035358406,0.0597878495660559,1645,0.370820668693009,0.192705167173252,0.436474164133739,0.16838905775076,0.492401215805471,0.236474164133739,0.10273556231003,,,,,1780,0.858426966292135,0,0.104494382022472,0,0,0.0370786516853933,1781,0.182481751824818,0.312184166198765,0.0196518809657496,0.072992700729927,0.094329028635598,6.73666384419983,0.471634208298052,0.169348010160881,"offense","recent"
"CHI",3285,0.551598173515982,0.657838660578387,0.0684931506849315,1647,0.363084395871281,0.191863995142684,0.445051608986035,0.197935640558591,0.469338190649666,0.194899817850638,0.137826350941105,,,,,1787,0.812534974818131,0,0.165081141578064,0,0,0.0223838836038053,1789,0.235326998323086,0.517607602012297,0.0190050307434321,0.121296813862493,0.129122414756847,6.66485647788984,0.474010861132661,0.146625290923196,"offense","recent"
"CIN",3194,0.641202254226675,0.826236693800877,0.0723231058234189,1901,0.375591793792741,0.218832193582325,0.405576012624934,0.191478169384534,0.514992109416097,0.198842714360863,0.094687006838506,,,,,2036,0.920923379174853,0,0.0613948919449902,0,0,0.0176817288801572,2036,0.168958742632613,0.453831041257367,0.0235756385068762,0.0830058939096267,0.0388015717092338,6.54466858789625,0.561959654178674,0.121037463976945,"offense","recent"
"CLE",3356,0.601013110846246,0.697258641239571,0.0622765196662694,1836,0.400326797385621,0.202069716775599,0.39760348583878,0.167211328976035,0.501633986928105,0.222222222222222,0.108932461873638,,,,,1997,0.830746119178768,0,0.151727591387081,0,0,0.0175262894341512,1998,0.217217217217217,0.4004004004004,0.00900900900900901,0.0875875875875876,0.119119119119119,6.6573998364677,0.533932951757972,0.164349959116926,"offense","recent"
"DAL",3357,0.593684837652666,0.652963955913018,0.0780458742925231,1869,0.364365971107544,0.199571963616907,0.436062065275548,0.169074371321562,0.518459069020867,0.201177100053505,0.111289459604066,,,,,1976,0.81578947368421,0,0.169028340080972,0,0,0.0151821862348178,1978,0.228008088978766,0.506572295247725,0.0237613751263903,0.0803842264914055,0.0975733063700708,6.52964743589744,0.560096153846154,0.107371794871795,"offense","recent"
"DEN",3177,0.56783128737803,0.612527541706012,0.0683034309096632,1690,0.394082840236686,0.181656804733728,0.424260355029586,0.243786982248521,0.463905325443787,0.162130177514793,0.130177514792899,,,,,1761,0.814310051107325,0,0.162407722884725,0,0,0.02328222600795,1789,0.236444941307993,0.364449413079933,0.0385690329793181,0.126327557294578,0.153158188932364,6.66945606694561,0.481171548117155,0.129707112970711,"offense","recent"
"DET",3327,0.555455365193868,0.497445145776976,0.0865644724977457,1730,0.339884393063584,0.296531791907514,0.363583815028902,0.201734104046243,0.51849710982659,0.202312138728324,0.0774566473988439,,,,,1831,0.705625341343528,0,0.292190060076461,0,0,0.00218459858001092,1833,0.275504637206765,0.563011456628478,0.00654664484451719,0.106382978723404,0.0621931260229133,6.6398002853067,0.504279600570613,0.12981455064194,"offense","recent"
"GB",3102,0.528368794326241,0.691811734364926,0.082849774339136,1546,0.390038809831824,0.204398447606727,0.405562742561449,0.188874514877102,0.459249676584735,0.206985769728331,0.144890038809832,,,,,1624,0.776477832512315,0,0.187192118226601,0,0,0.0363300492610837,1627,0.231714812538414,0.530424093423479,0.0307314074984634,0.091579594345421,0.110018438844499,6.64802386278896,0.502609992542878,0.131991051454139,"offense","recent"
"HOU",3244,0.581381011097411,0.599876695437731,0.0841553637484587,1734,0.346020761245675,0.222029988465975,0.431949250288351,0.147058823529412,0.48961937716263,0.250288350634371,0.113033448673587,,,,,1865,0.804289544235925,0,0.189276139410188,0,0,0.0064343163538874,1866,0.219721329046088,0.545551982851018,0.0117899249732047,0.0836012861736334,0.0755627009646302,6.6801948051948,0.452922077922078,0.130681818181818,"offense","recent"
"IND",3170,0.551735015772871,0.826182965299684,0.073186119873817,1630,0.395092024539877,0.207975460122699,0.396932515337423,0.151533742331288,0.49079754601227,0.22760736196319,0.130061349693252,,,,,1730,0.901156069364162,0,0.0757225433526012,0,0,0.023121387283237,1732,0.259237875288684,0.446304849884527,0.0450346420323326,0.0762124711316397,0.109699769053118,6.49541984732824,0.56412213740458,0.0877862595419847,"offense","recent"
"JAX",3216,0.577114427860697,0.698072139303483,0.0740049751243781,1725,0.390724637681159,0.194202898550725,0.415072463768116,0.164057971014493,0.481159420289855,0.227826086956522,0.12695652173913,,,,,1836,0.866557734204793,0,0.123093681917211,0,0,0.0103485838779956,1839,0.20989668297988,0.438825448613377,0.0217509516041327,0.10005437737901,0.0962479608482871,6.505,0.58,0.103333333333333,"offense","recent"
"KC",3238,0.599135268684373,0.78721432983323,0.0685608400247066,1812,0.389072847682119,0.188189845474614,0.422737306843267,0.246136865342163,0.472406181015453,0.175496688741722,0.105960264900662,,,,,1924,0.895530145530146,0,0.0893970893970894,0,0,0.0150727650727651,1928,0.176867219917012,0.556535269709544,0.0477178423236514,0.128112033195021,0.0295643153526971,6.5045955882353,0.603860294117647,0.105698529411765,"offense","recent"
"LAC",3225,0.577364341085271,0.723100775193798,0.0737984496124031,1703,0.341749853200235,0.204932472108045,0.45331767469172,0.169113329418673,0.50381679389313,0.19906048150323,0.128009395184968,,,,,1849,0.846403461330449,0,0.129259058950784,0,0,0.0243374797187669,1850,0.238378378378378,0.528108108108108,0.027027027027027,0.0762162162162162,0.0967567567567568,6.69773299748111,0.473551637279597,0.153652392947103,"offense","recent"
"LAR",3230,0.568421052631579,0.51702786377709,0.0857585139318885,1732,0.396651270207852,0.209006928406467,0.394341801385681,0.136836027713626,0.528868360277136,0.213048498845266,0.121247113163972,,,,,1820,0.653296703296703,0,0.286263736263736,0,0,0.0604395604395604,1820,0.271978021978022,0.641208791208791,0.00714285714285714,0.0868131868131868,0.125824175824176,6.59619771863118,0.530798479087452,0.118631178707224,"offense","recent"
"LV",3035,0.615485996705107,0.645469522240527,0.0665568369028007,1697,0.383028874484384,0.208014142604596,0.408956982911019,0.179728933411903,0.540954625810253,0.17796110783736,0.101355332940483,,,,,1850,0.822162162162162,0,0.166486486486486,0,0,0.0113513513513514,1851,0.211237169097785,0.516477579686656,0.0183684494867639,0.0848190167477039,0.110210696920583,6.63468634686347,0.506457564575646,0.145756457564576,"offense","recent"
"MIA",3094,0.56819650937298,0.760504201680672,0.0801551389786684,1628,0.409090909090909,0.198402948402948,0.392506142506143,0.234643734643735,0.44041769041769,0.22972972972973,0.0952088452088452,,,,,1739,0.786083956296722,0,0.0960322024151811,0,0,0.117883841288097,1740,0.255172413793103,0.709195402298851,0.0270114942528736,0.132183908045977,0.0620689655172414,6.53846153846154,0.488782051282051,0.0761217948717949,"offense","recent"
"MIN",3085,0.591572123176661,0.529335494327391,0.0855753646677472,1658,0.369119420989144,0.207478890229192,0.423401688781665,0.173703256936068,0.479493365500603,0.226176115802171,0.120627261761158,,,,,1813,0.732487589630447,0,0.26696083838941,0,0,0.000551571980143409,1814,0.276185226019846,0.517640573318633,0.0209481808158765,0.0948180815876516,0.121278941565601,6.64088888888889,0.509333333333333,0.135111111111111,"offense","recent"
"NE",3100,0.561935483870968,0.626774193548387,0.0693548387096774,1585,0.372870662460568,0.226498422712934,0.400630914826498,0.170347003154574,0.516719242902208,0.193690851735016,0.119242902208202,,,,,1732,0.82621247113164,0,0.166281755196305,0,0,0.00750577367205543,1733,0.182342758222735,0.458742065781881,0.0207732256203116,0.0934795152914022,0.0830929024812464,6.72231686541738,0.461669505962521,0.15587734241908,"offense","recent"
"NO",3239,0.57919110836678,0.655449212719975,0.0697746217968509,1741,0.339460080413555,0.217690982194141,0.442848937392303,0.169442848937392,0.504882251579552,0.191843767949454,0.133831131533601,,,,,1861,0.839333691563675,0,0.15045674368619,0,0,0.0102095647501343,1862,0.165413533834586,0.447368421052632,0.0161117078410312,0.0805585392051558,0.151450053705693,6.65384615384615,0.481570512820513,0.142628205128205,"offense","recent"
"NYG",3220,0.567701863354037,0.727329192546584,0.0618012422360248,1623,0.391866913123845,0.199014171287739,0.409118915588417,0.18422674060382,0.514479359211337,0.187307455329636,0.113986444855206,,,,,1803,0.859678313921242,0,0.130892956184138,0,0,0.00942872989462008,1804,0.215077605321508,0.393015521064302,0.0293791574279379,0.0798226164079823,0.171286031042129,6.48724279835391,0.585185185185185,0.101234567901235,"offense","recent"
"NYJ",3094,0.607304460245637,0.695216548157725,0.0546218487394958,1696,0.38502358490566,0.193985849056604,0.420990566037736,0.190448113207547,0.540683962264151,0.169221698113208,0.0996462264150943,,,,,1858,0.820775026910657,0,0.158772874058127,0,0,0.0204520990312164,1860,0.196236559139785,0.411290322580645,0.0182795698924731,0.0903225806451613,0.112365591397849,6.53613906678865,0.537968892955169,0.11619396157365,"offense","recent"
"PHI",3247,0.502309824453341,0.83615645210964,0.0686787804126886,1505,0.432558139534884,0.13953488372093,0.427906976744186,0.137541528239203,0.533554817275747,0.207308970099668,0.121594684385382,,,,,1622,0.914303329223181,0,0.0536374845869297,0,0,0.032059186189889,1624,0.225985221674877,0.416256157635468,0.0461822660098522,0.0714285714285714,0.192733990147783,6.71238628411477,0.51294611616515,0.165150454863541,"offense","recent"
"PIT",3105,0.540096618357488,0.636392914653784,0.0621578099838969,1548,0.408268733850129,0.179586563307494,0.412144702842377,0.202196382428941,0.510335917312661,0.17312661498708,0.114341085271318,,,,,1659,0.840265220012056,0,0.149487643158529,0,0,0.0102471368294153,1663,0.199037883343355,0.429945880938064,0.0192423331328924,0.110042092603728,0.167769092002405,6.77914110429448,0.40260736196319,0.171779141104294,"offense","recent"
"SEA",3049,0.582486061003608,0.64283371597245,0.0859298130534601,1639,0.38987187309335,0.217815741305674,0.392312385600976,0.179987797437462,0.51189749847468,0.195241000610128,0.11287370347773,,,,,1756,0.808656036446469,0,0.176537585421412,0,0,0.0148063781321185,1758,0.216154721274175,0.478953356086462,0.0102389078498294,0.0938566552901024,0.160409556313993,6.50555081127242,0.567890691716482,0.120409906063194,"offense","recent"
"SF",3139,0.541892322395667,0.572793883402357,0.0869703727301688,1585,0.398738170347003,0.25993690851735,0.341324921135647,0.128706624605678,0.514826498422713,0.253627760252366,0.102839116719243,,,,,1680,0.774404761904762,0,0.20952380952381,0,0,0.0160714285714286,1682,0.200356718192628,0.691438763376932,0.00832342449464923,0.0755053507728894,0.0410225921521998,6.63727764887858,0.497293116782676,0.144624903325599,"offense","recent"
"TB",3224,0.566997518610422,0.663771712158809,0.0794044665012407,1695,0.35811209439528,0.219469026548673,0.422418879056047,0.200589970501475,0.453097345132743,0.225958702064897,0.120353982300885,,,,,1809,0.837479270315091,0,0.139856274184632,0,0,0.0226644555002764,1813,0.19249862107005,0.478212906784335,0.0204081632653061,0.104798676227248,0.0843905129619415,6.44543249797898,0.616006467259499,0.0776071139854487,"offense","recent"
"TEN",3043,0.581662832730858,0.692737430167598,0.0673677292145909,1584,0.382575757575758,0.208333333333333,0.409090909090909,0.205176767676768,0.457070707070707,0.205808080808081,0.131944444444444,,,,,1755,0.838176638176638,0,0.144159544159544,0,0,0.0176638176638177,1756,0.219248291571754,0.342255125284738,0.025626423690205,0.112186788154897,0.0968109339407745,6.61774744027304,0.501706484641638,0.151023890784983,"offense","recent"
"WAS",3168,0.565656565656566,0.860164141414141,0.0681818181818182,1621,0.342998149290561,0.219617520049352,0.437384330660086,0.204194941394201,0.449105490438001,0.227637260950031,0.119062307217767,,,,,1771,0.915866741953698,0,0.0429136081309994,0,0,0.0412196499153021,1773,0.210941906373378,0.418499717992104,0.0338409475465313,0.106598984771574,0.426395939086294,6.3154305200341,0.674339300937766,0.0707587382779199,"offense","recent"
