"gsis_id","deep_rate","behind_los_rate","middle_rate","intermediate_middle_rate","deep_epa","short_epa","aDOT","pressure_epa_delta","pressure_scramble_rate","play_action_rate","archetype_cluster","archetype_label_status","vector_version"
"00-0000865",0.171428571428571,0.185714285714286,0.271428571428571,0.0571428571428571,-0.0885068782513859,-0.0248937344955761,9.47142857142857,,,,,"UNSTABLE — labels withheld, numeric vector only (spec §22)","player-tendency-2026.1"
"00-0007091",0.0975609756097561,0.144465290806754,0.225140712945591,0.0562851782363977,0.0830109878790887,0.0134787019481885,7.49906191369606,,,,,"UNSTABLE — labels withheld, numeric vector only (spec §22)","player-tendency-2026.1"
"00-0010346",0.124364308830328,0.0966250577901063,0.208044382801664,0.0494683310217291,0.490087184159925,0.193556901016964,8.41100323624596,,,,,"UNSTABLE — labels withheld, numeric vector only (spec §22)","player-tendency-2026.1"
"00-0019596",0.120769345459967,0.141941255404801,0.258834053973461,0.0726107052333383,0.364930280308135,0.193665122935264,8.12971522290145,-0.295051187033041,0,0.13031914893617,,"UNSTABLE — labels withheld, numeric vector only (spec §22)","player-tendency-2026.1"
"00-0020245",0.142644873699851,0.151560178306092,0.175334323922734,0.0549777117384844,0.179529961961465,-0.0171569834321367,9.40267459138187,,,,,"UNSTABLE — labels withheld, numeric vector only (spec §22)","player-tendency-2026.1"
"00-0020531",0.10385226370135,0.162827640984909,0.215845909451946,0.0615567911040508,0.58141850810811,0.15213213413435,7.36795075456711,-0.192543744055551,0,,,"UNSTABLE — labels withheld, numeric vector only (spec §22)","player-tendency-2026.1"
"00-0020679",0.141342756183746,0.130742049469965,0.240282685512367,0.0424028268551237,0.16960089352507,-0.0313694619290895,8.32155477031802,-0.879489097751203,0,,,"UNSTABLE — labels withheld, numeric vector only (spec §22)","player-tendency-2026.1"
"00-0021206",0.120185922974768,0.138114209827357,0.221115537848606,0.0677290836653386,0.314816345464632,0.0583564896209606,8.51128818061089,-0.256046787594212,0,,,"UNSTABLE — labels withheld, numeric vector only (spec §22)","player-tendency-2026.1"
"00-0021429",0.127775755369494,0.116490717145977,0.275937386239534,0.0855478704040772,0.18355131956344,0.0835502652208109,9.44011649071714,-0.275124139613817,0,,,"UNSTABLE — labels withheld, numeric vector only (spec §22)","player-tendency-2026.1"
"00-0021678",0.107594936708861,0.111047180667434,0.267548906789413,0.0822784810126582,0.373499378070079,0.171337018809594,8.51898734177215,-1.49111412389902,0,,,"UNSTABLE — labels withheld, numeric vector only (spec §22)","player-tendency-2026.1"
"00-0022177",0.207547169811321,0.188679245283019,0.188679245283019,0.0188679245283019,-0.0720353191610254,-0.0916391325021005,10.2075471698113,,,,,"UNSTABLE — labels withheld, numeric vector only (spec §22)","player-tendency-2026.1"
"00-0022787",0.0874882408278457,0.13170272812794,0.285042333019755,0.0799623706491063,0.199936701041339,0.071396398959661,7.81279397930386,0.161038988924143,0,,,"UNSTABLE — labels withheld, numeric vector only (spec §22)","player-tendency-2026.1"
"00-0022803",0.114715001192464,0.124254710231338,0.266873360362509,0.0701168614357262,0.324320163852122,0.0254027578275143,8.17672310994515,-0.220246591975054,0,,,"UNSTABLE — labels withheld, numeric vector only (spec §22)","player-tendency-2026.1"
"00-0022864",0.125,0.125,0.2,0.1,0.242606745221275,0.237581087490193,7.725,,,,,"UNSTABLE — labels withheld, numeric vector only (spec §22)","player-tendency-2026.1"
"00-0022924",0.129905808477237,0.157967032967033,0.281004709576138,0.0669152276295133,0.352682199751419,0.162974216243233,8.26275510204082,-0.217181156432703,0,,,"UNSTABLE — labels withheld, numeric vector only (spec §22)","player-tendency-2026.1"
"00-0022942",0.113003095975232,0.15905572755418,0.244775541795666,0.0659829721362229,0.41919155130776,0.13671914544493,7.93188854489164,-0.1484675151859,0,0.144329896907216,,"UNSTABLE — labels withheld, numeric vector only (spec §22)","player-tendency-2026.1"
"00-0023436",0.0909373060211049,0.175667287399131,0.219118559900683,0.0490378646803228,0.408392420706325,0.110543640790342,6.8342644320298,-0.242405925870494,0,,,"UNSTABLE — labels withheld, numeric vector only (spec §22)","player-tendency-2026.1"
"00-0023459",0.12897366030881,0.17332727823191,0.211625794732062,0.063427187405389,0.571661372566149,0.219113412148673,7.93808658795035,-0.410693985264497,0,0.236933797909408,,"UNSTABLE — labels withheld, numeric vector only (spec §22)","player-tendency-2026.1"
"00-0023460",0.0935064935064935,0.137662337662338,0.174025974025974,0.0311688311688312,0.0211930358230322,-0.0177823253855348,7.40519480519481,,,,,"UNSTABLE — labels withheld, numeric vector only (spec §22)","player-tendency-2026.1"
"00-0023541",0.116600790513834,0.185770750988142,0.268774703557312,0.0553359683794466,0.161936904307897,0.0550594589617692,7.23715415019763,,,,,"UNSTABLE — labels withheld, numeric vector only (spec §22)","player-tendency-2026.1"
"00-0023578",0.0638297872340425,0.106382978723404,0.234042553191489,0.106382978723404,-0.0278049089503134,-0.00104518227157612,8.19148936170214,,,,,"UNSTABLE — labels withheld, numeric vector only (spec §22)","player-tendency-2026.1"
"00-0023645",0.156118143459916,0.109704641350211,0.194092827004219,0.0548523206751055,0.018674320114837,-0.10291814414815,9.11814345991561,-0.256527618606587,0,,,"UNSTABLE — labels withheld, numeric vector only (spec §22)","player-tendency-2026.1"
"00-0023662",0.123893805309735,0.144911504424779,0.22787610619469,0.0663716814159292,-0.00906180366607404,-0.0864676606849706,8.11946902654868,0.109606463144878,0,,,"UNSTABLE — labels withheld, numeric vector only (spec §22)","player-tendency-2026.1"
"00-0023682",0.120387174833636,0.130973986690865,0.261343012704174,0.0822746521476104,0.272563470652828,0.0691958461451618,8.77162734422262,-0.211757298175727,0,,,"UNSTABLE — labels withheld, numeric vector only (spec §22)","player-tendency-2026.1"
"00-0024225",0.0606060606060606,0.151515151515152,0.121212121212121,0,-0.309063370663239,-0.283795685386064,7.54545454545455,,,,,"UNSTABLE — labels withheld, numeric vector only (spec §22)","player-tendency-2026.1"
"00-0024226",0.139991642290013,0.153781863769327,0.20810697868784,0.0564145424153782,0.233626843969375,0.0214261320450283,8.62682824905976,-0.350391260103351,0,,,"UNSTABLE — labels withheld, numeric vector only (spec §22)","player-tendency-2026.1"
"00-0024264",0.106870229007634,0.106870229007634,0.248091603053435,0.0534351145038168,0.0392653451567994,0.0163408454170432,9.00763358778626,1.91989170757422,0,,,"UNSTABLE — labels withheld, numeric vector only (spec §22)","player-tendency-2026.1"
"00-0024296",0.147058823529412,0.092436974789916,0.281512605042017,0.0756302521008403,0.0332568910482503,0.0421587427833406,9.55042016806722,-0.394961650912286,0,,,"UNSTABLE — labels withheld, numeric vector only (spec §22)","player-tendency-2026.1"
"00-0025409",0.111675126903553,0.111675126903553,0.309644670050761,0.065989847715736,-0.287007716654165,-0.246848265638434,8.22335025380711,,,,,"UNSTABLE — labels withheld, numeric vector only (spec §22)","player-tendency-2026.1"
"00-0025423",0.0819672131147541,0.087431693989071,0.180327868852459,0.0437158469945355,0.14505164180752,0.106197489758618,7.90163934426229,,,,,"UNSTABLE — labels withheld, numeric vector only (spec §22)","player-tendency-2026.1"
"00-0025430",0.153191489361702,0.1,0.263829787234043,0.127659574468085,-0.0152154713415283,-0.112106751870179,11.0702127659574,-0.048792178314494,0,,,"UNSTABLE — labels withheld, numeric vector only (spec §22)","player-tendency-2026.1"
"00-0025708",0.139393939393939,0.121212121212121,0.209090909090909,0.0666666666666667,0.269445262613532,0.10131357915057,8.49393939393939,0.0956639065603494,0,,,"UNSTABLE — labels withheld, numeric vector only (spec §22)","player-tendency-2026.1"
"00-0026143",0.098225404732254,0.124377334993773,0.25186799501868,0.0800124533001245,0.44235777730891,0.131050341952682,7.89912826899128,-0.203419674334313,0,0.156626506024096,,"UNSTABLE — labels withheld, numeric vector only (spec §22)","player-tendency-2026.1"
"00-0026158",0.122441096948629,0.130552336809579,0.28505214368482,0.0662417921977597,0.146732031908696,0.0537756714714106,8.28273464658169,-0.404113548811089,0,0.21009918845807,,"UNSTABLE — labels withheld, numeric vector only (spec §22)","player-tendency-2026.1"
"00-0026197",0.087737843551797,0.160676532769556,0.193446088794926,0.0496828752642706,0.06335337936569,-0.0676794046083598,7.46934460887949,0.269447659277341,0,0,,"UNSTABLE — labels withheld, numeric vector only (spec §22)","player-tendency-2026.1"
"00-0026300",0.0905172413793103,0.120689655172414,0.228448275862069,0.0818965517241379,0.112545842640022,0.195836737181147,7.87500000000001,-0.442421456284031,0,0.316666666666667,,"UNSTABLE — labels withheld, numeric vector only (spec §22)","player-tendency-2026.1"
"00-0026349",0.0977777777777778,0.151111111111111,0.244444444444444,0.0666666666666667,0.0933579674173666,0.0270017739223538,7.23111111111111,,,,,"UNSTABLE — labels withheld, numeric vector only (spec §22)","player-tendency-2026.1"
"00-0026498",0.116949822204662,0.153562491768734,0.240089556170157,0.0684841301198472,0.506016094968272,0.115472716136175,8.06993283287239,-0.276485892768402,0,0.264086232239098,,"UNSTABLE — labels withheld, numeric vector only (spec §22)","player-tendency-2026.1"
"00-0026544",0.0984848484848485,0.189393939393939,0.166666666666667,0.0303030303030303,0.114780303030534,-0.026677744278577,6.71590909090909,-0.0953906001860227,0,0.0769230769230769,,"UNSTABLE — labels withheld, numeric vector only (spec §22)","player-tendency-2026.1"
"00-0026625",0.120871862615588,0.095112285336856,0.239101717305152,0.0700132100396301,0.283959153022228,0.0261746215858494,9.0772787318362,-0.408662136836957,0,0.22,,"UNSTABLE — labels withheld, numeric vector only (spec §22)","player-tendency-2026.1"
"00-0026898",0.103982300884956,0.122787610619469,0.236725663716814,0.0608407079646018,0.0908421096717262,-0.0394544732209553,8.21681415929203,-0.426806039870361,0,,,"UNSTABLE — labels withheld, numeric vector only (spec §22)","player-tendency-2026.1"
"00-0026993",0.161422708618331,0.0875512995896033,0.227086183310534,0.0574555403556772,0.220833826604394,0.0217053042951138,10.0670314637483,,,,,"UNSTABLE — labels withheld, numeric vector only (spec §22)","player-tendency-2026.1"
"00-0027253",0.126984126984127,0.148148148148148,0.211640211640212,0.0529100529100529,0.168273677587246,0.0648296655536819,8.85185185185185,,,,,"UNSTABLE — labels withheld, numeric vector only (spec §22)","player-tendency-2026.1"
"00-0027659",0.144508670520231,0.121387283236994,0.115606936416185,0.0173410404624277,-0.142680948135973,-0.192945918760182,8.45664739884393,,,,,"UNSTABLE — labels withheld, numeric vector only (spec §22)","player-tendency-2026.1"
"00-0027688",0.0844277673545966,0.189493433395872,0.24015009380863,0.0544090056285178,0.095562525793025,0.109737132426135,6.94746716697936,-0.251820587841117,0,0.16551724137931,,"UNSTABLE — labels withheld, numeric vector only (spec §22)","player-tendency-2026.1"
"00-0027754",0.075,0.11,0.255,0.08,-0.166851180235896,-0.18938897537986,7.655,,,,,"UNSTABLE — labels withheld, numeric vector only (spec §22)","player-tendency-2026.1"
"00-0027854",0.103431128791646,0.151168572849329,0.201392342118349,0.0377921432123322,0.237059352374291,0.0402835562810327,7.16907011437096,0.059341103785926,0,,,"UNSTABLE — labels withheld, numeric vector only (spec §22)","player-tendency-2026.1"
"00-0027939",0.121443089430894,0.134654471544715,0.201981707317073,0.0678353658536585,0.223693367782504,0.0666188676073641,8.95172764227643,-0.294208865115502,0,,,"UNSTABLE — labels withheld, numeric vector only (spec §22)","player-tendency-2026.1"
"00-0027946",0.161993769470405,0.123052959501558,0.210280373831776,0.0467289719626168,0.110995568135827,0.00501631254170767,9.69158878504673,,,,,"UNSTABLE — labels withheld, numeric vector only (spec §22)","player-tendency-2026.1"
"00-0027948",0.100607111882047,0.134431916738942,0.209887250650477,0.0607111882046834,-0.104367424605998,-0.216737875718956,7.75542064180399,-0.135196765631545,0,0.159090909090909,,"UNSTABLE — labels withheld, numeric vector only (spec §22)","player-tendency-2026.1"
"00-0027950",0.100522193211488,0.172323759791123,0.199738903394256,0.0613577023498695,0.0567231638390755,0.0141302095334242,7.5130548302872,,,,,"UNSTABLE — labels withheld, numeric vector only (spec §22)","player-tendency-2026.1"
"00-0027973",0.110046911649726,0.142689601250977,0.23123534010946,0.0592259577795152,0.313499900918,0.0675092951213765,8.06176700547303,-0.18578685860917,0,0.161242603550296,,"UNSTABLE — labels withheld, numeric vector only (spec §22)","player-tendency-2026.1"
"00-0027974",0.134045077105575,0.0919335705812574,0.195729537366548,0.0468564650059312,0.354670656094409,0.150784255937827,9.04389086595492,-0.396727827802381,0,,,"UNSTABLE — labels withheld, numeric vector only (spec §22)","player-tendency-2026.1"
"00-0028012",0.093841642228739,0.0967741935483871,0.263929618768328,0.0850439882697947,-0.128351425592466,-0.0469413463147653,8.52199413489736,0.227105028114035,0,,,"UNSTABLE — labels withheld, numeric vector only (spec §22)","player-tendency-2026.1"
"00-0028090",0.163157894736842,0.0842105263157895,0.205263157894737,0.0315789473684211,-0.00753598586647563,-0.1280258205364,9.75789473684211,-0.007083476518844,0,,,"UNSTABLE — labels withheld, numeric vector only (spec §22)","player-tendency-2026.1"
"00-0028118",0.149946638207044,0.129135538954109,0.171824973319104,0.0362860192102455,0.266133421669005,0.145746701316769,9.10832443970118,-0.190097433330875,0.00251256281407037,0.169811320754717,,"UNSTABLE — labels withheld, numeric vector only (spec §22)","player-tendency-2026.1"
"00-0028146",0.0645161290322581,0.161290322580645,0.258064516129032,0.0645161290322581,-0.001022431424998,0.0283886851981238,7.16129032258065,,,,,"UNSTABLE — labels withheld, numeric vector only (spec §22)","player-tendency-2026.1"
"00-0028595",0.145833333333333,0.152777777777778,0.201388888888889,0.0694444444444444,-0.202127823492731,-0.286126397194346,8.20833333333333,0.285248724889393,0,,,"UNSTABLE — labels withheld, numeric vector only (spec §22)","player-tendency-2026.1"
"00-0028825",0.110749185667752,0.159609120521173,0.198697068403909,0.0423452768729642,0.00911933165000024,0.00600730382859567,8.24104234527688,,,,,"UNSTABLE — labels withheld, numeric vector only (spec §22)","player-tendency-2026.1"
"00-0028957",0.136363636363636,0.136363636363636,0.235294117647059,0.0561497326203209,0.0769628555751352,-0.0267493452250842,8.53743315508022,,,,,"UNSTABLE — labels withheld, numeric vector only (spec §22)","player-tendency-2026.1"
"00-0028986",0.106918238993711,0.158131176999102,0.210242587601078,0.0516621743036837,0.156498898420832,-0.0322406116721174,7.55166217430368,-0.197717482978176,0,0.196969696969697,,"UNSTABLE — labels withheld, numeric vector only (spec §22)","player-tendency-2026.1"
"00-0029151",0.128205128205128,0.0769230769230769,0.17948717948718,0.0512820512820513,-0.215662703743593,-0.188152438370255,8.46153846153846,,,,,"UNSTABLE — labels withheld, numeric vector only (spec §22)","player-tendency-2026.1"
"00-0029234",0.173076923076923,0.105769230769231,0.230769230769231,0.0288461538461538,0.0361247425658813,0.0392280633079406,8.58653846153847,,,,,"UNSTABLE — labels withheld, numeric vector only (spec §22)","player-tendency-2026.1"
"00-0029263",0.14900607852801,0.152948907507804,0.192048628224084,0.0489567931657631,0.602269222407006,0.14128345427918,8.92590767208804,-0.324248863413355,0,0.209730440499671,,"UNSTABLE — labels withheld, numeric vector only (spec §22)","player-tendency-2026.1"
"00-0029531",0.127737226277372,0.0802919708029197,0.208029197080292,0.0547445255474453,-0.327096764929801,-0.29215449863753,9.67153284671533,,,,,"UNSTABLE — labels withheld, numeric vector only (spec §22)","player-tendency-2026.1"
"00-0029567",0.136735676456428,0.191141068849302,0.212806933076553,0.0601829561868079,0.236130609767157,0.00645402090321911,8.39817043813193,0.0548881345377387,0,0.08,,"UNSTABLE — labels withheld, numeric vector only (spec §22)","player-tendency-2026.1"
"00-0029604",0.112927950945324,0.146823369102368,0.231817407596662,0.0686424799863737,0.480926276454907,0.092150365587775,7.83869868846874,-0.366115249815913,0,0.233031674208145,,"UNSTABLE — labels withheld, numeric vector only (spec §22)","player-tendency-2026.1"
"00-0029665",0.110055423594616,0.162311955661124,0.297703879651623,0.0934283452098179,0.221321749335799,0.113205239629158,8.31670625494853,0.0217993466965218,0,,,"UNSTABLE — labels withheld, numeric vector only (spec §22)","player-tendency-2026.1"
"00-0029668",0.130992366412214,0.128549618320611,0.242442748091603,0.0796946564885496,0.333210166378947,0.142347129490817,8.72763358778627,-0.337139367449555,0,,,"UNSTABLE — labels withheld, numeric vector only (spec §22)","player-tendency-2026.1"
"00-0029677",0.116424116424116,0.132016632016632,0.205821205821206,0.0498960498960499,0.0674808589109019,-0.0439543536641104,7.995841995842,,,,,"UNSTABLE — labels withheld, numeric vector only (spec §22)","player-tendency-2026.1"
"00-0029682",0.122519413287317,0.0974978429680759,0.25625539257981,0.0672993960310613,-0.00726318453770157,0.0824444106641507,8.38654012079378,-0.368058066007085,0,,,"UNSTABLE — labels withheld, numeric vector only (spec §22)","player-tendency-2026.1"
"00-0029701",0.11066610455312,0.136382799325464,0.228288364249578,0.0636593591905565,0.237701363170838,0.144339270269537,8.36403878583474,-0.440591792470993,0,0.256077795786062,,"UNSTABLE — labels withheld, numeric vector only (spec §22)","player-tendency-2026.1"
"00-0030024",0.169491525423729,0.11864406779661,0.203389830508475,0.0338983050847458,-0.539443752374782,-0.572496882703693,10.2203389830509,,,,,"UNSTABLE — labels withheld, numeric vector only (spec §22)","player-tendency-2026.1"
"00-0030419",0.141304347826087,0.155797101449275,0.27536231884058,0.0797101449275362,0.0355873994686895,-0.118535024405128,8.30797101449275,-0.835325550974813,0,,,"UNSTABLE — labels withheld, numeric vector only (spec §22)","player-tendency-2026.1"
"00-0030520",0.115789473684211,0.114035087719298,0.257017543859649,0.0657894736842105,0.111816228636038,-0.054076647844203,8.47017543859649,-0.280640076631573,0,,,"UNSTABLE — labels withheld, numeric vector only (spec §22)","player-tendency-2026.1"
"00-0030524",0.125,0.160714285714286,0.244047619047619,0.0654761904761905,0.185635078267715,0.123957302484665,8.9404761904762,0.4253019705367,0,,,"UNSTABLE — labels withheld, numeric vector only (spec §22)","player-tendency-2026.1"
"00-0030526",0.129471890971039,0.132879045996593,0.219761499148211,0.0391822827938671,0.0213163882157702,-0.0362664869395344,8.3594548551959,-0.178822565660449,0,,,"UNSTABLE — labels withheld, numeric vector only (spec §22)","player-tendency-2026.1"
"00-0030533",0.152354570637119,0.0858725761772853,0.263157894736842,0.0969529085872576,0.0442110385590269,0.0536978481609328,10.3518005540166,-0.66960124985546,0,,,"UNSTABLE — labels withheld, numeric vector only (spec §22)","player-tendency-2026.1"
"00-0030565",0.111650485436893,0.177346278317152,0.223948220064725,0.0530744336569579,0.327714087960596,0.151135786427997,7.41585760517799,-0.735247641234656,0,0.2215859030837,,"UNSTABLE — labels withheld, numeric vector only (spec §22)","player-tendency-2026.1"
"00-0031064",0.114649681528662,0.0859872611464968,0.261146496815287,0.089171974522293,0.101525173849053,-0.0166213119056032,8.85668789808917,-0.393933327463672,0,,,"UNSTABLE — labels withheld, numeric vector only (spec §22)","player-tendency-2026.1"
"00-0031076",0.104166666666667,0.104166666666667,0.208333333333333,0.0625,-0.0148259764967627,0.00410555882139337,6.8125,,,,,"UNSTABLE — labels withheld, numeric vector only (spec §22)","player-tendency-2026.1"
"00-0031237",0.108968177434908,0.164416586306654,0.202025072324012,0.0482160077145612,0.234661692595737,0.158219846984732,7.44744455159112,-0.277673780486196,0,0.233009708737864,,"UNSTABLE — labels withheld, numeric vector only (spec §22)","player-tendency-2026.1"
"00-0031266",0.130813953488372,0.13953488372093,0.238372093023256,0.0523255813953488,-0.0328271408876911,-0.0666663024906077,8.18313953488373,,,,,"UNSTABLE — labels withheld, numeric vector only (spec §22)","player-tendency-2026.1"
"00-0031280",0.116880861410212,0.151441472733588,0.237582493921501,0.0637374088225078,0.461641171512738,0.0919973369805246,7.86436262591178,-0.256002014150654,0,0.181362007168459,,"UNSTABLE — labels withheld, numeric vector only (spec §22)","player-tendency-2026.1"
"00-0031288",0.134831460674157,0.157303370786517,0.146067415730337,0.0168539325842697,0.117106632643175,0.138288912164945,7.90449438202247,-0.905651561120595,0,0,,"UNSTABLE — labels withheld, numeric vector only (spec §22)","player-tendency-2026.1"
"00-0031345",0.0866182572614108,0.16545643153527,0.29149377593361,0.104253112033195,0.269842018830291,0.222966393538875,7.29149377593362,-0.37961360144352,0,0.215579710144928,,"UNSTABLE — labels withheld, numeric vector only (spec §22)","player-tendency-2026.1"
"00-0031395",0.135135135135135,0.108108108108108,0.148648648648649,0.0675675675675676,-0.0063330130849284,-0.0685279301237431,8.22972972972973,,,,,"UNSTABLE — labels withheld, numeric vector only (spec §22)","player-tendency-2026.1"
"00-0031407",0.114111829593001,0.146443514644351,0.258273107645493,0.0741726892354507,0.1006477148731,0.0016381090141645,7.97793837961202,-0.343987074860134,0,,,"UNSTABLE — labels withheld, numeric vector only (spec §22)","player-tendency-2026.1"
"00-0031409",0.10546875,0.140625,0.1875,0.04296875,0.124060858712681,0.0203519656992352,8.08203125,,,,,"UNSTABLE — labels withheld, numeric vector only (spec §22)","player-tendency-2026.1"
"00-0031503",0.139851485148515,0.0912747524752475,0.233292079207921,0.0903465346534653,0.230533529214088,0.0357111431432536,10.1955445544554,-0.358345203833097,0,0.155080213903743,,"UNSTABLE — labels withheld, numeric vector only (spec §22)","player-tendency-2026.1"
"00-0031568",0.138775510204082,0.151020408163265,0.171428571428571,0.0285714285714286,-0.133689368791524,-0.209645891557073,8.44081632653061,0.216685695201389,0,,,"UNSTABLE — labels withheld, numeric vector only (spec §22)","player-tendency-2026.1"
"00-0031589",0.124629080118694,0.172106824925816,0.195845697329377,0.0385756676557863,-0.118186226350944,-0.0596211594894973,7.73590504451039,-0.502695799651197,0,,,"UNSTABLE — labels withheld, numeric vector only (spec §22)","player-tendency-2026.1"
"00-0031800",0.131879543094496,0.188992731048806,0.231568016614746,0.0581516095534787,0.0749999210514897,0.0599130788082358,8.16303219106957,-0.530069512716411,0,0.211267605633803,,"UNSTABLE — labels withheld, numeric vector only (spec §22)","player-tendency-2026.1"
"00-0032156",0.110373443983402,0.129460580912863,0.202489626556017,0.0473029045643154,-0.0232831945222441,-0.0192397747289711,7.87136929460581,-0.0758538007964796,0,0.126984126984127,,"UNSTABLE — labels withheld, numeric vector only (spec §22)","player-tendency-2026.1"
"00-0032245",0.0818181818181818,0.163636363636364,0.245454545454545,0.0454545454545455,-0.291134671722858,-0.398554107612223,5.84545454545455,-0.247053280449196,0,,,"UNSTABLE — labels withheld, numeric vector only (spec §22)","player-tendency-2026.1"
"00-0032268",0.131168283424715,0.130324757486293,0.229017292281738,0.0733867566427668,0.168186907156088,0.0655970368536093,9.16237874314635,-0.382413095566895,0,0.332810047095761,,"UNSTABLE — labels withheld, numeric vector only (spec §22)","player-tendency-2026.1"
"00-0032434",0.102484472049689,0.204968944099379,0.211180124223602,0.0683229813664596,-0.126089823224326,-0.106547696273918,6.58385093167701,-0.438967900692446,0,0.17910447761194,,"UNSTABLE — labels withheld, numeric vector only (spec §22)","player-tendency-2026.1"
"00-0032436",0.120822622107969,0.182519280205656,0.2853470437018,0.0848329048843188,0.101889747115791,0.00618793907522713,8.08226221079692,-0.266875322449494,0,0.372549019607843,,"UNSTABLE — labels withheld, numeric vector only (spec §22)","player-tendency-2026.1"
"00-0032784",0.148514851485149,0.168316831683168,0.168316831683168,0.0396039603960396,-0.0814363315919583,-0.157181655739395,8.03960396039604,-0.384854105180666,0,,,"UNSTABLE — labels withheld, numeric vector only (spec §22)","player-tendency-2026.1"
"00-0032792",0.0810810810810811,0.216216216216216,0.108108108108108,0,-0.123818642875295,-0.128930478410428,6,,,,,"UNSTABLE — labels withheld, numeric vector only (spec §22)","player-tendency-2026.1"
"00-0032950",0.119047619047619,0.15863453815261,0.220883534136546,0.0579460699942628,0.30144457132485,0.108772326520898,8.15547905909351,-0.231094451468503,0,0.211895910780669,,"UNSTABLE — labels withheld, numeric vector only (spec §22)","player-tendency-2026.1"
"00-0033077",0.108910891089109,0.138824520749947,0.211923319991574,0.0560353907731199,0.575466468874739,0.148046106430698,8.11438803454813,-0.332489485050849,0,0.239878542510121,,"UNSTABLE — labels withheld, numeric vector only (spec §22)","player-tendency-2026.1"
"00-0033104",0.10632183908046,0.14367816091954,0.169540229885057,0.0373563218390805,0.170001639895356,0.199221430111928,7.30172413793104,0.056226238357713,0,,,"UNSTABLE — labels withheld, numeric vector only (spec §22)","player-tendency-2026.1"
"00-0033106",0.0899826956354547,0.17054412612959,0.245337435108633,0.070947894635647,0.460023204971224,0.165591916255551,7.1011343972313,-0.550365944019858,0,0.275092936802974,,"UNSTABLE — labels withheld, numeric vector only (spec §22)","player-tendency-2026.1"
"00-0033108",0.15748031496063,0.062992125984252,0.220472440944882,0.062992125984252,-0.0163483050454048,0.0302997414204267,10.1338582677165,-0.341296603938735,0,,,"UNSTABLE — labels withheld, numeric vector only (spec §22)","player-tendency-2026.1"
"00-0033119",0.102506714413608,0.147717099373321,0.209042076991943,0.0532676812891674,0.115889543292029,0.130157058017376,7.83348254252462,-0.337113518732204,0,0.202146690518784,,"UNSTABLE — labels withheld, numeric vector only (spec §22)","player-tendency-2026.1"
"00-0033275",0.15727002967359,0.213649851632047,0.160237388724036,0.0415430267062315,-0.0841447843398634,-0.164874300515789,8.65281899109793,-0.385651468007927,0,0.209401709401709,,"UNSTABLE — labels withheld, numeric vector only (spec §22)","player-tendency-2026.1"
"00-0033319",0.0897755610972569,0.15211970074813,0.280548628428928,0.0798004987531172,0.343406931230478,0.107678395407553,7.16209476309227,-0.519147640009514,0,0.37037037037037,,"UNSTABLE — labels withheld, numeric vector only (spec §22)","player-tendency-2026.1"
"00-0033357",0.124183006535948,0.15359477124183,0.156862745098039,0.0392156862745098,0.191475695016036,0.165310883913055,8.27450980392157,-0.396492028992705,0,0.318181818181818,,"UNSTABLE — labels withheld, numeric vector only (spec §22)","player-tendency-2026.1"
"00-0033537",0.12882096069869,0.129257641921397,0.237991266375546,0.0633187772925764,0.38553915151397,0.147033967373607,8.82532751091703,-0.446883980010334,0,0.245192307692308,,"UNSTABLE — labels withheld, numeric vector only (spec §22)","player-tendency-2026.1"
"00-0033550",0.05,0.125,0.2,0.025,-0.020689760810973,-0.0261274231680748,5.1,,,,,"UNSTABLE — labels withheld, numeric vector only (spec §22)","player-tendency-2026.1"
"00-0033662",0.109427609427609,0.175084175084175,0.212121212121212,0.0606060606060606,0.0234269071812657,-0.0666287543909019,7.33838383838384,-0.328811841658894,0,0.196113074204947,,"UNSTABLE — labels withheld, numeric vector only (spec §22)","player-tendency-2026.1"
"00-0033869",0.127206645898235,0.168743509865005,0.249740394600208,0.0695742471443406,0.101599985912726,0.132380716892195,8.32658359293873,-0.181645038288388,0,0.186813186813187,,"UNSTABLE — labels withheld, numeric vector only (spec §22)","player-tendency-2026.1"
"00-0033873",0.116209262435678,0.202615780445969,0.20647512864494,0.0553173241852487,0.540452418290182,0.214853048661466,7.68846483704974,-0.320654410837887,0,0.177914110429448,,"UNSTABLE — labels withheld, numeric vector only (spec §22)","player-tendency-2026.1"
"00-0033899",0.168604651162791,0.108527131782946,0.23062015503876,0.0484496124031008,-0.0590954549178833,-0.15449300960886,9.11046511627907,-0.445515323872009,0,,,"UNSTABLE — labels withheld, numeric vector only (spec §22)","player-tendency-2026.1"
"00-0033936",0.0944741532976827,0.135472370766488,0.221033868092692,0.0570409982174688,0.238871256779244,0.00993366176458523,7.15508021390374,-0.514422197940291,0,0.112676056338028,,"UNSTABLE — labels withheld, numeric vector only (spec §22)","player-tendency-2026.1"
"00-0033949",0.109318996415771,0.170250896057348,0.231182795698925,0.0716845878136201,0.0411912141024909,0.0359706711602613,7.90143369175627,-0.585045212606611,0,0.208981001727116,,"UNSTABLE — labels withheld, numeric vector only (spec §22)","player-tendency-2026.1"
"00-0033958",0.0955414012738854,0.133757961783439,0.165605095541401,0.0445859872611465,-0.52635776149012,-0.502783553195375,7.54140127388534,-0.577455380646561,0,0.192307692307692,,"UNSTABLE — labels withheld, numeric vector only (spec §22)","player-tendency-2026.1"
"00-0034177",0.0995670995670996,0.199134199134199,0.199134199134199,0.038961038961039,-0.253224430668457,-0.160156509172292,6.45454545454546,-0.756176418942224,0,0.193103448275862,,"UNSTABLE — labels withheld, numeric vector only (spec §22)","player-tendency-2026.1"
"00-0034343",0.130859375,0.1875,0.220703125,0.0546875,-0.190634485659419,-0.231789913244552,8.36328124999999,-0.258273432988766,0,,,"UNSTABLE — labels withheld, numeric vector only (spec §22)","player-tendency-2026.1"
"00-0034401",0.0771604938271605,0.16358024691358,0.212962962962963,0.0771604938271605,-0.0357922611492735,-0.0368787571235692,6.80555555555555,0.0280364986047674,0,0.194029850746269,,"UNSTABLE — labels withheld, numeric vector only (spec §22)","player-tendency-2026.1"
"00-0034412",0.0821917808219178,0.287671232876712,0.136986301369863,0.0410958904109589,-0.460595431783793,-0.397104477291276,5.53424657534247,,,,,"UNSTABLE — labels withheld, numeric vector only (spec §22)","player-tendency-2026.1"
"00-0034577",0.109065155807365,0.151558073654391,0.175637393767705,0.0254957507082153,0.0583680146375399,0.122622497882543,7.75212464589235,-0.232164216621928,0,0.313953488372093,,"UNSTABLE — labels withheld, numeric vector only (spec §22)","player-tendency-2026.1"
"00-0034771",0.11716621253406,0.185286103542234,0.247956403269755,0.053133514986376,0.0492962323098561,0.0490227410582135,7.49182561307902,-0.335696921519109,0,0.194594594594595,,"UNSTABLE — labels withheld, numeric vector only (spec §22)","player-tendency-2026.1"
"00-0034796",0.132101777622865,0.14813523875915,0.30149878006274,0.0941094457999303,0.359252181222927,0.218349861287231,8.76612059951202,-0.472256757636886,0,0.241028708133971,,"UNSTABLE — labels withheld, numeric vector only (spec §22)","player-tendency-2026.1"
"00-0034855",0.12719857252103,0.171297476421106,0.205200101962784,0.0599031353555952,0.341642030255241,0.125320553045236,8.23910272750446,-0.428383664619655,0,0.209893666204346,,"UNSTABLE — labels withheld, numeric vector only (spec §22)","player-tendency-2026.1"
"00-0034857",0.137778867369453,0.162049521941652,0.192203971561657,0.0551605785731797,0.305417485791296,0.177189772071499,8.71635204707036,-0.308108099436742,0,0.202733485193622,,"UNSTABLE — labels withheld, numeric vector only (spec §22)","player-tendency-2026.1"
"00-0034869",0.122115725949592,0.150869719559815,0.20376286829961,0.0653177138800142,0.285519747324248,0.0904444926607895,8.22967696130635,-0.578672543504083,0,0.264341085271318,,"UNSTABLE — labels withheld, numeric vector only (spec §22)","player-tendency-2026.1"
"00-0034899",0.153846153846154,0.153846153846154,0.173076923076923,0.0769230769230769,-0.153785885839909,-0.0988658698127747,8.47115384615385,0.367817638116893,0,0.405797101449275,,"UNSTABLE — labels withheld, numeric vector only (spec §22)","player-tendency-2026.1"
"00-0034955",0.136904761904762,0.136904761904762,0.178571428571429,0.0357142857142857,-0.203881209395328,-0.114252214681865,8.36904761904762,-0.609074444427688,0,0.160583941605839,,"UNSTABLE — labels withheld, numeric vector only (spec §22)","player-tendency-2026.1"
"00-0035040",0.12396694214876,0.144628099173554,0.202479338842975,0.0702479338842975,-0.0684327461091864,-0.131051259277224,8.45867768595041,-0.37575457545671,0,0.349206349206349,,"UNSTABLE — labels withheld, numeric vector only (spec §22)","player-tendency-2026.1"
"00-0035100",0.111413043478261,0.239130434782609,0.222826086956522,0.078804347826087,0.158720346075593,-0.0224040943721442,6.82880434782609,-0.892315163694645,0,0.197007481296758,,"UNSTABLE — labels withheld, numeric vector only (spec §22)","player-tendency-2026.1"
"00-0035146",0.0869565217391304,0.195652173913043,0.184782608695652,0.0434782608695652,-0.304057028020252,-0.307719081206391,7.96739130434782,,,,,"UNSTABLE — labels withheld, numeric vector only (spec §22)","player-tendency-2026.1"
"00-0035228",0.12311901504788,0.203488372093023,0.202462380300958,0.0413816689466484,0.211455603411259,0.142213055874924,7.34610123119015,-0.53179707653399,0,0.206371191135734,,"UNSTABLE — labels withheld, numeric vector only (spec §22)","player-tendency-2026.1"
"00-0035232",0.108843537414966,0.147392290249433,0.301587301587302,0.0839002267573696,-0.0518115566044851,0.0557661412929805,7.63945578231293,-0.238066590149721,0,,,"UNSTABLE — labels withheld, numeric vector only (spec §22)","player-tendency-2026.1"
"00-0035251",0.192307692307692,0.230769230769231,0.192307692307692,0,-0.328339607780758,-0.297708661386992,9.44230769230769,,,,,"UNSTABLE — labels withheld, numeric vector only (spec §22)","player-tendency-2026.1"
"00-0035264",0.131979695431472,0.152284263959391,0.213197969543147,0.0812182741116751,-0.0292145580627398,0.0254580574529277,8.20812182741117,-0.5093997312125,0,0.214723926380368,,"UNSTABLE — labels withheld, numeric vector only (spec §22)","player-tendency-2026.1"
"00-0035282",0.109195402298851,0.17816091954023,0.149425287356322,0.0114942528735632,0.100647169332563,0.0795208298093456,6.91954022988506,-1.40987699790217,0,0.165775401069519,,"UNSTABLE — labels withheld, numeric vector only (spec §22)","player-tendency-2026.1"
"00-0035289",0.103110599078341,0.16647465437788,0.205645161290323,0.0455069124423963,0.280375603255886,0.0909829722974829,7.25115207373272,-0.440746626619757,0,0.189473684210526,,"UNSTABLE — labels withheld, numeric vector only (spec §22)","player-tendency-2026.1"
"00-0035577",0.14375,0.20625,0.15625,0.00625,0.0371267833104352,0.0275171886815218,7.34375,-0.455625686256302,0,,,"UNSTABLE — labels withheld, numeric vector only (spec §22)","player-tendency-2026.1"
"00-0035652",0.142857142857143,0.092436974789916,0.252100840336134,0.0840336134453782,-0.365050179009881,-0.336952598649705,8.87394957983193,-0.105263737489114,0,,,"UNSTABLE — labels withheld, numeric vector only (spec §22)","player-tendency-2026.1"
"00-0035704",0.13871635610766,0.164596273291925,0.208074534161491,0.0600414078674948,0.0236703406056135,0.0831015454169725,8.09006211180124,-0.568562748019792,0,0.184115523465704,,"UNSTABLE — labels withheld, numeric vector only (spec §22)","player-tendency-2026.1"
"00-0035710",0.0888548448870165,0.144389122941402,0.235158942933742,0.0720030639601685,0.300380937383964,0.0831518688156421,7.44427422443508,-0.374241779282665,0,0.273283480625425,,"UNSTABLE — labels withheld, numeric vector only (spec §22)","player-tendency-2026.1"
"00-0035752",0.1,0.15,0.175,0.025,-0.38286696225309,-0.382496984617439,6.875,,,,,"UNSTABLE — labels withheld, numeric vector only (spec §22)","player-tendency-2026.1"
"00-0035939",0.0303030303030303,0.212121212121212,0.121212121212121,0.0303030303030303,-0.326842040551996,-0.276335309312554,5.93939393939394,,,,,"UNSTABLE — labels withheld, numeric vector only (spec §22)","player-tendency-2026.1"
"00-0035993",0.091588785046729,0.145794392523364,0.241121495327103,0.0392523364485981,-0.0328412546234491,0.0771412289620641,7.50093457943925,-0.54079255047303,0,0.234828496042216,,"UNSTABLE — labels withheld, numeric vector only (spec §22)","player-tendency-2026.1"
"00-0036197",0.133333333333333,0.166666666666667,0.15,0.0333333333333333,-0.352625869730248,-0.353214237345309,7.23333333333334,,,,,"UNSTABLE — labels withheld, numeric vector only (spec §22)","player-tendency-2026.1"
"00-0036212",0.100414937759336,0.190871369294606,0.225311203319502,0.0850622406639004,0.478419289466031,0.162503597442616,7.43153526970954,-0.555351723694875,0,0.277082199237888,,"UNSTABLE — labels withheld, numeric vector only (spec §22)","player-tendency-2026.1"
"00-0036264",0.14257555847569,0.185282522996058,0.208278580814717,0.0670170827858081,0.352692182285571,0.220935749254258,8.65374507227332,-0.774201642618038,0,0.224262295081967,,"UNSTABLE — labels withheld, numeric vector only (spec §22)","player-tendency-2026.1"
"00-0036312",0.127272727272727,0.163636363636364,0.154545454545455,0.0363636363636364,-0.233216505091729,-0.206195224175789,7.96363636363636,-0.692381382596464,0,,,"UNSTABLE — labels withheld, numeric vector only (spec §22)","player-tendency-2026.1"
"00-0036355",0.111726954492415,0.172987164527421,0.194574095682614,0.0498833138856476,0.430369759666427,0.157659038706574,7.51662777129522,-0.476282432622074,0,0.257302405498282,,"UNSTABLE — labels withheld, numeric vector only (spec §22)","player-tendency-2026.1"
"00-0036384",0.119047619047619,0.214285714285714,0.142857142857143,0,-0.07510431884045,-0.0914752074688108,8.30952380952381,,,,,"UNSTABLE — labels withheld, numeric vector only (spec §22)","player-tendency-2026.1"
"00-0036389",0.12987012987013,0.149560117302053,0.13782991202346,0.0393799748638458,0.375504970081164,0.14548355207254,8.58190196899874,-0.612214543935364,0,0.213920163766633,,"UNSTABLE — labels withheld, numeric vector only (spec §22)","player-tendency-2026.1"
"00-0036442",0.09620886981402,0.161301859799714,0.218168812589413,0.0661659513590844,0.384995507094493,0.244976523418525,7.37732474964235,-0.41941348797609,0,0.154803384768542,,"UNSTABLE — labels withheld, numeric vector only (spec §22)","player-tendency-2026.1"
"00-0036879",0.138613861386139,0.168316831683168,0.247524752475248,0.0495049504950495,-0.15755485267077,-0.0650965183347108,7.14851485148515,-0.453853691601137,0,0.252173913043478,,"UNSTABLE — labels withheld, numeric vector only (spec §22)","player-tendency-2026.1"
"00-0036898",0.105978260869565,0.170289855072464,0.185688405797101,0.0489130434782609,0.112988635531424,-0.0653885733760624,7.6983695652174,-0.34036227543058,0,0.211920529801325,,"UNSTABLE — labels withheld, numeric vector only (spec §22)","player-tendency-2026.1"
"00-0036945",0.139605462822458,0.159332321699545,0.195751138088012,0.0546282245827011,0.201776556737785,0.0458510672506279,8.44157814871017,-0.532415639507127,0,0.24748322147651,,"UNSTABLE — labels withheld, numeric vector only (spec §22)","player-tendency-2026.1"
"00-0036971",0.122243713733075,0.166344294003868,0.192649903288201,0.0518375241779497,0.338131123179576,0.0897823248369367,8.19381044487427,-0.512626099882393,0,0.216896060749881,,"UNSTABLE — labels withheld, numeric vector only (spec §22)","player-tendency-2026.1"
"00-0036972",0.116028062601187,0.184565569347005,0.226659471127901,0.0593631948192121,-0.0106502514350289,0.105307211379514,7.5979492714517,-0.511670497309295,0,0.159971811134602,,"UNSTABLE — labels withheld, numeric vector only (spec §22)","player-tendency-2026.1"
"00-0037012",0.142857142857143,0.168367346938776,0.188775510204082,0.0663265306122449,-0.087529433339544,-0.13933569095347,8.52551020408164,-0.573203461598464,0,0.197080291970803,,"UNSTABLE — labels withheld, numeric vector only (spec §22)","player-tendency-2026.1"
"00-0037013",0.113,0.185,0.203,0.055,0.0009379180886027,-0.0267765598117387,7.807,-0.640398916538132,0,0.187772925764192,,"UNSTABLE — labels withheld, numeric vector only (spec §22)","player-tendency-2026.1"
"00-0037077",0.122480620155039,0.198449612403101,0.223255813953488,0.0511627906976744,0.0184608774008467,-0.0809089989837393,7.48992248062016,-0.822872327149516,0,0.174337517433752,,"UNSTABLE — labels withheld, numeric vector only (spec §22)","player-tendency-2026.1"
"00-0037175",0.106382978723404,0.0851063829787234,0.382978723404255,0.0638297872340425,-0.217170895915924,-0.197414927124563,8.53191489361702,,,,,"UNSTABLE — labels withheld, numeric vector only (spec §22)","player-tendency-2026.1"
"00-0037324",0.111111111111111,0.37037037037037,0.111111111111111,0,-0.243903310371015,-0.215651549403956,5.12962962962963,,,,,"UNSTABLE — labels withheld, numeric vector only (spec §22)","player-tendency-2026.1"
"00-0037327",0.0942028985507246,0.159420289855072,0.173913043478261,0.0869565217391304,-0.155183981222013,-0.170330157658243,7.34057971014493,-0.375974678306385,0,0.2,,"UNSTABLE — labels withheld, numeric vector only (spec §22)","player-tendency-2026.1"
"00-0037834",0.108550185873606,0.138289962825279,0.261710037174721,0.0936802973977695,0.55215418331362,0.224710357717906,8.04237918215613,-0.670598683018254,0,0.215287517531557,,"UNSTABLE — labels withheld, numeric vector only (spec §22)","player-tendency-2026.1"
"00-0038102",0.104140526976161,0.159347553324969,0.170639899623588,0.0439146800501882,0.144796337899389,0.0220526269195115,7.34504391468005,-0.324761131672302,0,0.152502910360885,,"UNSTABLE — labels withheld, numeric vector only (spec §22)","player-tendency-2026.1"
"00-0038108",0.122754491017964,0.20059880239521,0.158682634730539,0.0449101796407186,0.00790760213789166,-0.214349469087124,7.56886227544911,-0.552606077171989,0,0.191256830601093,,"UNSTABLE — labels withheld, numeric vector only (spec §22)","player-tendency-2026.1"
"00-0038122",0.11965811965812,0.169230769230769,0.223931623931624,0.0666666666666667,0.0886705954346956,0.0409062375790999,8.21367521367522,-0.384488931852538,0,0.278740157480315,,"UNSTABLE — labels withheld, numeric vector only (spec §22)","player-tendency-2026.1"
"00-0038128",0.135483870967742,0.187096774193548,0.154838709677419,0.0387096774193548,0.403043043460517,0.198978712353486,8.52258064516129,-0.707900351568679,0,0.288888888888889,,"UNSTABLE — labels withheld, numeric vector only (spec §22)","player-tendency-2026.1"
"00-0038400",0.0681818181818182,0.0909090909090909,0.193181818181818,0.0681818181818182,0.208364433068277,0.212173272880358,8.32954545454546,,,,,"UNSTABLE — labels withheld, numeric vector only (spec §22)","player-tendency-2026.1"
"00-0038416",0.0671140939597315,0.288590604026846,0.161073825503356,0.0738255033557047,-0.10100895651058,0.0158061625137296,5.67114093959731,-0.843181512294421,0,0.201298701298701,,"UNSTABLE — labels withheld, numeric vector only (spec §22)","player-tendency-2026.1"
"00-0038476",0.0765765765765766,0.193693693693694,0.13963963963964,0.0405405405405405,0.0648800962333479,0.0474388921130305,6.36036036036036,-1.05411027825986,0,0.162264150943396,,"UNSTABLE — labels withheld, numeric vector only (spec §22)","player-tendency-2026.1"
"00-0038579",0.113861386138614,0.166666666666667,0.194719471947195,0.037953795379538,0.09759586813528,0.0789144682565986,7.69966996699671,-0.688475302803104,0,0.218408736349454,,"UNSTABLE — labels withheld, numeric vector only (spec §22)","player-tendency-2026.1"
"00-0038582",0,0.263157894736842,0.105263157894737,0,-0.839956109951201,-0.833224601799939,3.02631578947368,,,,,"UNSTABLE — labels withheld, numeric vector only (spec §22)","player-tendency-2026.1"
"00-0038583",0.0614035087719298,0.179824561403509,0.184210526315789,0.0526315789473684,-0.477823606964935,-0.301290598562557,6.01754385964912,-0.565573136812128,0,0.198347107438017,,"UNSTABLE — labels withheld, numeric vector only (spec §22)","player-tendency-2026.1"
"00-0038998",0.128205128205128,0.102564102564103,0.487179487179487,0.102564102564103,-0.145023647253437,-0.146299355836143,8.84615384615385,,,,,"UNSTABLE — labels withheld, numeric vector only (spec §22)","player-tendency-2026.1"
"00-0039150",0.104617604617605,0.16955266955267,0.194805194805195,0.0678210678210678,0.0950113527032365,0.0259425739626607,7.55266955266955,-0.700818484448303,0,0.180851063829787,,"UNSTABLE — labels withheld, numeric vector only (spec §22)","player-tendency-2026.1"
"00-0039152",0.17870036101083,0.211191335740072,0.205776173285199,0.0577617328519856,0.19150915867876,-0.00811021274396933,9.58303249097473,-0.737091678601487,0,0.243980738362761,,"UNSTABLE — labels withheld, numeric vector only (spec §22)","player-tendency-2026.1"
"00-0039163",0.118421052631579,0.152354570637119,0.225069252077562,0.0976454293628809,0.304315496248535,0.166680879821457,8.52700831024932,-0.795127508279959,0,0.228002569043031,,"UNSTABLE — labels withheld, numeric vector only (spec §22)","player-tendency-2026.1"
"00-0039164",0.206896551724138,0.135057471264368,0.224137931034483,0.0833333333333333,-0.0172409067635547,-0.0850623691395262,11.2959770114942,-0.696312231331229,0,0.292682926829268,,"UNSTABLE — labels withheld, numeric vector only (spec §22)","player-tendency-2026.1"
"00-0039376",0.135135135135135,0.16008316008316,0.205821205821206,0.0561330561330561,-0.096833341485454,-0.115815641464985,8.03326403326403,-0.604044829094655,0,0.168905950095969,,"UNSTABLE — labels withheld, numeric vector only (spec §22)","player-tendency-2026.1"
"00-0039398",0.169811320754717,0.113207547169811,0.169811320754717,0.0943396226415094,0.243187708071503,0.248172851180135,10.188679245283,,,,,"UNSTABLE — labels withheld, numeric vector only (spec §22)","player-tendency-2026.1"
"00-0039732",0.124044180118946,0.236193712829227,0.181818181818182,0.0433305012744265,0.23996231700407,0.117344633271625,7.30926083262532,-0.583790369608772,0,0.250204415372036,,"UNSTABLE — labels withheld, numeric vector only (spec §22)","player-tendency-2026.1"
"00-0039851",0.124246079613993,0.142340168878166,0.238841978287093,0.0735826296743064,0.505681180178552,0.251144100230392,8.40289505428227,-0.754491515212609,0,0.208791208791209,,"UNSTABLE — labels withheld, numeric vector only (spec §22)","player-tendency-2026.1"
"00-0039910",0.100903614457831,0.219879518072289,0.239457831325301,0.0662650602409639,0.310020867410668,0.250036161593599,7.4382530120482,-0.639293811815538,0,0.215363511659808,,"UNSTABLE — labels withheld, numeric vector only (spec §22)","player-tendency-2026.1"
"00-0039917",0.141732283464567,0.16010498687664,0.144356955380577,0.0498687664041995,0.0833107034421421,0.166308253382364,8.85301837270342,-0.825291070329159,0,0.175879396984925,,"UNSTABLE — labels withheld, numeric vector only (spec §22)","player-tendency-2026.1"
"00-0039918",0.144128113879004,0.184163701067616,0.208185053380783,0.0569395017793594,0.219614836967849,0.215362110490628,8.35053380782919,-0.729717912197796,0,0.242598684210526,,"UNSTABLE — labels withheld, numeric vector only (spec §22)","player-tendency-2026.1"
"00-0039923",0.1440329218107,0.176954732510288,0.176954732510288,0.0452674897119342,0.000271407813025619,-0.0497780684594469,8.81481481481482,-0.711366372438271,0,0.285185185185185,,"UNSTABLE — labels withheld, numeric vector only (spec §22)","player-tendency-2026.1"
"00-0040206",0.119402985074627,0.149253731343284,0.164179104477612,0.0447761194029851,-0.020538768123727,-0.163172980631622,8.01492537313433,,,,,"UNSTABLE — labels withheld, numeric vector only (spec §22)","player-tendency-2026.1"
"00-0040234",0.132530120481928,0.216867469879518,0.228915662650602,0.0963855421686747,0.0706271294867418,0.0907502882916596,8.34939759036145,,,,,"UNSTABLE — labels withheld, numeric vector only (spec §22)","player-tendency-2026.1"
"00-0040398",0.0588235294117647,0.22875816993464,0.104575163398693,0.0130718954248366,-0.24955984972777,-0.229527829429236,5.66666666666667,-1.15217659654032,0,0.156976744186047,,"UNSTABLE — labels withheld, numeric vector only (spec §22)","player-tendency-2026.1"
"00-0040494",0.0704225352112676,0.309859154929577,0.169014084507042,0.0422535211267606,-0.402997195681557,-0.373301825376072,4.3943661971831,,,,,"UNSTABLE — labels withheld, numeric vector only (spec §22)","player-tendency-2026.1"
"00-0040668",0.132075471698113,0.235849056603774,0.273584905660377,0.0566037735849057,-0.129077367321973,-0.173400221108028,7.1933962264151,-0.741210605647167,0,0.234042553191489,,"UNSTABLE — labels withheld, numeric vector only (spec §22)","player-tendency-2026.1"
"00-0040676",0.102420856610801,0.208566108007449,0.202979515828678,0.0651769087523277,0.140036596180898,0.0255970605438489,7.2756052141527,-0.877894980580636,0,0.185810810810811,,"UNSTABLE — labels withheld, numeric vector only (spec §22)","player-tendency-2026.1"
"00-0040691",0.133136094674556,0.210059171597633,0.251479289940828,0.0739644970414201,0.148130690694974,0.0877015151062895,8.20414201183432,-0.800020725281458,0,0.20911528150134,,"UNSTABLE — labels withheld, numeric vector only (spec §22)","player-tendency-2026.1"
"00-0040704",0.0543478260869565,0.168478260869565,0.266304347826087,0.0652173913043478,-0.101201071244965,-0.0721226544148508,5.85869565217391,-0.301332271019545,0,0.211822660098522,,"UNSTABLE — labels withheld, numeric vector only (spec §22)","player-tendency-2026.1"
"00-0040743",0.12037037037037,0.154320987654321,0.203703703703704,0.0648148148148148,0.159432456484379,0.104907046773069,8.36111111111111,-0.873031418058606,0,0.177464788732394,,"UNSTABLE — labels withheld, numeric vector only (spec §22)","player-tendency-2026.1"
