"season","team","starting_qb","prior_qb","starting_qb_changed","coordinator_known","scheme_reset_hint","prior_weight_multiplier"
2012,"ARI","00-0027754",,FALSE,FALSE,FALSE,1
2013,"ARI","00-0021429","00-0027754",TRUE,FALSE,TRUE,0.6
2014,"ARI","00-0025430","00-0021429",TRUE,FALSE,TRUE,0.6
2015,"ARI","00-0021429","00-0025430",TRUE,FALSE,TRUE,0.6
2016,"ARI","00-0021429","00-0021429",FALSE,FALSE,FALSE,1
2017,"ARI","00-0021429","00-0021429",FALSE,FALSE,FALSE,1
2018,"ARI","00-0034343","00-0021429",TRUE,FALSE,TRUE,0.6
2019,"ARI","00-0035228","00-0034343",TRUE,FALSE,TRUE,0.6
2020,"ARI","00-0035228","00-0035228",FALSE,FALSE,FALSE,1
2021,"ARI","00-0035228","00-0035228",FALSE,FALSE,FALSE,1
2022,"ARI","00-0035228","00-0035228",FALSE,FALSE,FALSE,1
2023,"ARI","00-0035228","00-0035228",FALSE,FALSE,FALSE,1
2024,"ARI","00-0035228","00-0035228",FALSE,FALSE,FALSE,1
2025,"ARI","00-0033119","00-0035228",TRUE,FALSE,TRUE,0.6
2012,"ATL","00-0026143",,FALSE,FALSE,FALSE,1
2013,"ATL","00-0026143","00-0026143",FALSE,FALSE,FALSE,1
2014,"ATL","00-0026143","00-0026143",FALSE,FALSE,FALSE,1
2015,"ATL","00-0026143","00-0026143",FALSE,FALSE,FALSE,1
2016,"ATL","00-0026143","00-0026143",FALSE,FALSE,FALSE,1
2017,"ATL","00-0026143","00-0026143",FALSE,FALSE,FALSE,1
2018,"ATL","00-0026143","00-0026143",FALSE,FALSE,FALSE,1
2019,"ATL","00-0026143","00-0026143",FALSE,FALSE,FALSE,1
2020,"ATL","00-0026143","00-0026143",FALSE,FALSE,FALSE,1
2021,"ATL","00-0026143","00-0026143",FALSE,FALSE,FALSE,1
2022,"ATL","00-0032268","00-0026143",TRUE,FALSE,TRUE,0.6
2023,"ATL","00-0038122","00-0032268",TRUE,FALSE,TRUE,0.6
2024,"ATL","00-0029604","00-0038122",TRUE,FALSE,TRUE,0.6
2025,"ATL","00-0039917","00-0029604",TRUE,FALSE,TRUE,0.6
2012,"BAL","00-0026158",,FALSE,FALSE,FALSE,1
2013,"BAL","00-0026158","00-0026158",FALSE,FALSE,FALSE,1
2014,"BAL","00-0026158","00-0026158",FALSE,FALSE,FALSE,1
2015,"BAL","00-0026158","00-0026158",FALSE,FALSE,FALSE,1
2016,"BAL","00-0026158","00-0026158",FALSE,FALSE,FALSE,1
2017,"BAL","00-0026158","00-0026158",FALSE,FALSE,FALSE,1
2018,"BAL","00-0026158","00-0026158",FALSE,FALSE,FALSE,1
2019,"BAL","00-0034796","00-0026158",TRUE,FALSE,TRUE,0.6
2020,"BAL","00-0034796","00-0034796",FALSE,FALSE,FALSE,1
2021,"BAL","00-0034796","00-0034796",FALSE,FALSE,FALSE,1
2022,"BAL","00-0034796","00-0034796",FALSE,FALSE,FALSE,1
2023,"BAL","00-0034796","00-0034796",FALSE,FALSE,FALSE,1
2024,"BAL","00-0034796","00-0034796",FALSE,FALSE,FALSE,1
2025,"BAL","00-0034796","00-0034796",FALSE,FALSE,FALSE,1
2012,"BUF","00-0023682",,FALSE,FALSE,FALSE,1
2013,"BUF","00-0030526","00-0023682",TRUE,FALSE,TRUE,0.6
2014,"BUF","00-0023541","00-0030526",TRUE,FALSE,TRUE,0.6
2015,"BUF","00-0028118","00-0023541",TRUE,FALSE,TRUE,0.6
2016,"BUF","00-0028118","00-0028118",FALSE,FALSE,FALSE,1
2017,"BUF","00-0028118","00-0028118",FALSE,FALSE,FALSE,1
2018,"BUF","00-0034857","00-0028118",TRUE,FALSE,TRUE,0.6
2019,"BUF","00-0034857","00-0034857",FALSE,FALSE,FALSE,1
2020,"BUF","00-0034857","00-0034857",FALSE,FALSE,FALSE,1
2021,"BUF","00-0034857","00-0034857",FALSE,FALSE,FALSE,1
2022,"BUF","00-0034857","00-0034857",FALSE,FALSE,FALSE,1
2023,"BUF","00-0034857","00-0034857",FALSE,FALSE,FALSE,1
2024,"BUF","00-0034857","00-0034857",FALSE,FALSE,FALSE,1
2025,"BUF","00-0034857","00-0034857",FALSE,FALSE,FALSE,1
2012,"CAR","00-0027939",,FALSE,FALSE,FALSE,1
2013,"CAR","00-0027939","00-0027939",FALSE,FALSE,FALSE,1
2014,"CAR","00-0027939","00-0027939",FALSE,FALSE,FALSE,1
2015,"CAR","00-0027939","00-0027939",FALSE,FALSE,FALSE,1
2016,"CAR","00-0027939","00-0027939",FALSE,FALSE,FALSE,1
2017,"CAR","00-0027939","00-0027939",FALSE,FALSE,FALSE,1
2018,"CAR","00-0027939","00-0027939",FALSE,FALSE,FALSE,1
2019,"CAR","00-0034577","00-0027939",TRUE,FALSE,TRUE,0.6
2020,"CAR","00-0031237","00-0034577",TRUE,FALSE,TRUE,0.6
2021,"CAR","00-0034869","00-0031237",TRUE,FALSE,TRUE,0.6
2022,"CAR","00-0034855","00-0034869",TRUE,FALSE,TRUE,0.6
2023,"CAR","00-0039150","00-0034855",TRUE,FALSE,TRUE,0.6
2024,"CAR","00-0039150","00-0039150",FALSE,FALSE,FALSE,1
2025,"CAR","00-0039150","00-0039150",FALSE,FALSE,FALSE,1
2012,"CHI","00-0024226",,FALSE,FALSE,FALSE,1
2013,"CHI","00-0024226","00-0024226",FALSE,FALSE,FALSE,1
2014,"CHI","00-0024226","00-0024226",FALSE,FALSE,FALSE,1
2015,"CHI","00-0024226","00-0024226",FALSE,FALSE,FALSE,1
2016,"CHI","00-0030533","00-0024226",TRUE,FALSE,TRUE,0.6
2017,"CHI","00-0033869","00-0030533",TRUE,FALSE,TRUE,0.6
2018,"CHI","00-0033869","00-0033869",FALSE,FALSE,FALSE,1
2019,"CHI","00-0033869","00-0033869",FALSE,FALSE,FALSE,1
2020,"CHI","00-0029567","00-0033869",TRUE,FALSE,TRUE,0.6
2021,"CHI","00-0036945","00-0029567",TRUE,FALSE,TRUE,0.6
2022,"CHI","00-0036945","00-0036945",FALSE,FALSE,FALSE,1
2023,"CHI","00-0036945","00-0036945",FALSE,FALSE,FALSE,1
2024,"CHI","00-0039918","00-0036945",TRUE,FALSE,TRUE,0.6
2025,"CHI","00-0039918","00-0039918",FALSE,FALSE,FALSE,1
2012,"CIN","00-0027973",,FALSE,FALSE,FALSE,1
2013,"CIN","00-0027973","00-0027973",FALSE,FALSE,FALSE,1
2014,"CIN","00-0027973","00-0027973",FALSE,FALSE,FALSE,1
2015,"CIN","00-0027973","00-0027973",FALSE,FALSE,FALSE,1
2016,"CIN","00-0027973","00-0027973",FALSE,FALSE,FALSE,1
2017,"CIN","00-0027973","00-0027973",FALSE,FALSE,FALSE,1
2018,"CIN","00-0027973","00-0027973",FALSE,FALSE,FALSE,1
2019,"CIN","00-0027973","00-0027973",FALSE,FALSE,FALSE,1
2020,"CIN","00-0036442","00-0027973",TRUE,FALSE,TRUE,0.6
2021,"CIN","00-0036442","00-0036442",FALSE,FALSE,FALSE,1
2022,"CIN","00-0036442","00-0036442",FALSE,FALSE,FALSE,1
2023,"CIN","00-0036442","00-0036442",FALSE,FALSE,FALSE,1
2024,"CIN","00-0036442","00-0036442",FALSE,FALSE,FALSE,1
2025,"CIN","00-0036442","00-0036442",FALSE,FALSE,FALSE,1
2012,"CLE","00-0029677",,FALSE,FALSE,FALSE,1
2013,"CLE","00-0023460","00-0029677",TRUE,FALSE,TRUE,0.6
2014,"CLE","00-0026625","00-0023460",TRUE,FALSE,TRUE,0.6
2015,"CLE","00-0021206","00-0026625",TRUE,FALSE,TRUE,0.6
2016,"CLE","00-0033104","00-0021206",TRUE,FALSE,TRUE,0.6
2017,"CLE","00-0033899","00-0033104",TRUE,FALSE,TRUE,0.6
2018,"CLE","00-0034855","00-0033899",TRUE,FALSE,TRUE,0.6
2019,"CLE","00-0034855","00-0034855",FALSE,FALSE,FALSE,1
2020,"CLE","00-0034855","00-0034855",FALSE,FALSE,FALSE,1
2021,"CLE","00-0034855","00-0034855",FALSE,FALSE,FALSE,1
2022,"CLE","00-0033119","00-0034855",TRUE,FALSE,TRUE,0.6
2023,"CLE","00-0026158","00-0033119",TRUE,FALSE,TRUE,0.6
2024,"CLE","00-0031503","00-0026158",TRUE,FALSE,TRUE,0.6
2025,"CLE","00-0040668","00-0031503",TRUE,FALSE,TRUE,0.6
2012,"DAL","00-0021678",,FALSE,FALSE,FALSE,1
2013,"DAL","00-0021678","00-0021678",FALSE,FALSE,FALSE,1
2014,"DAL","00-0021678","00-0021678",FALSE,FALSE,FALSE,1
2015,"DAL","00-0023662","00-0021678",TRUE,FALSE,TRUE,0.6
2016,"DAL","00-0033077","00-0023662",TRUE,FALSE,TRUE,0.6
2017,"DAL","00-0033077","00-0033077",FALSE,FALSE,FALSE,1
2018,"DAL","00-0033077","00-0033077",FALSE,FALSE,FALSE,1
2019,"DAL","00-0033077","00-0033077",FALSE,FALSE,FALSE,1
2020,"DAL","00-0027973","00-0033077",TRUE,FALSE,TRUE,0.6
2021,"DAL","00-0033077","00-0027973",TRUE,FALSE,TRUE,0.6
2022,"DAL","00-0033077","00-0033077",FALSE,FALSE,FALSE,1
2023,"DAL","00-0033077","00-0033077",FALSE,FALSE,FALSE,1
2024,"DAL","00-0033662","00-0033077",TRUE,FALSE,TRUE,0.6
2025,"DAL","00-0033077","00-0033662",TRUE,FALSE,TRUE,0.6
2012,"DEN","00-0010346",,FALSE,FALSE,FALSE,1
2013,"DEN","00-0010346","00-0010346",FALSE,FALSE,FALSE,1
2014,"DEN","00-0010346","00-0010346",FALSE,FALSE,FALSE,1
2015,"DEN","00-0010346","00-0010346",FALSE,FALSE,FALSE,1
2016,"DEN","00-0032156","00-0010346",TRUE,FALSE,TRUE,0.6
2017,"DEN","00-0032156","00-0032156",FALSE,FALSE,FALSE,1
2018,"DEN","00-0028986","00-0032156",TRUE,FALSE,TRUE,0.6
2019,"DEN","00-0026158","00-0028986",TRUE,FALSE,TRUE,0.6
2020,"DEN","00-0035704","00-0026158",TRUE,FALSE,TRUE,0.6
2021,"DEN","00-0031237","00-0035704",TRUE,FALSE,TRUE,0.6
2022,"DEN","00-0029263","00-0031237",TRUE,FALSE,TRUE,0.6
2023,"DEN","00-0029263","00-0029263",FALSE,FALSE,FALSE,1
2024,"DEN","00-0039732","00-0029263",TRUE,FALSE,TRUE,0.6
2025,"DEN","00-0039732","00-0039732",FALSE,FALSE,FALSE,1
2012,"DET","00-0026498",,FALSE,FALSE,FALSE,1
2013,"DET","00-0026498","00-0026498",FALSE,FALSE,FALSE,1
2014,"DET","00-0026498","00-0026498",FALSE,FALSE,FALSE,1
2015,"DET","00-0026498","00-0026498",FALSE,FALSE,FALSE,1
2016,"DET","00-0026498","00-0026498",FALSE,FALSE,FALSE,1
2017,"DET","00-0026498","00-0026498",FALSE,FALSE,FALSE,1
2018,"DET","00-0026498","00-0026498",FALSE,FALSE,FALSE,1
2019,"DET","00-0026498","00-0026498",FALSE,FALSE,FALSE,1
2020,"DET","00-0026498","00-0026498",FALSE,FALSE,FALSE,1
2021,"DET","00-0033106","00-0026498",TRUE,FALSE,TRUE,0.6
2022,"DET","00-0033106","00-0033106",FALSE,FALSE,FALSE,1
2023,"DET","00-0033106","00-0033106",FALSE,FALSE,FALSE,1
2024,"DET","00-0033106","00-0033106",FALSE,FALSE,FALSE,1
2025,"DET","00-0033106","00-0033106",FALSE,FALSE,FALSE,1
2012,"GB","00-0023459",,FALSE,FALSE,FALSE,1
2013,"GB","00-0023459","00-0023459",FALSE,FALSE,FALSE,1
2014,"GB","00-0023459","00-0023459",FALSE,FALSE,FALSE,1
2015,"GB","00-0023459","00-0023459",FALSE,FALSE,FALSE,1
2016,"GB","00-0023459","00-0023459",FALSE,FALSE,FALSE,1
2017,"GB","00-0031589","00-0023459",TRUE,FALSE,TRUE,0.6
2018,"GB","00-0023459","00-0031589",TRUE,FALSE,TRUE,0.6
2019,"GB","00-0023459","00-0023459",FALSE,FALSE,FALSE,1
2020,"GB","00-0023459","00-0023459",FALSE,FALSE,FALSE,1
2021,"GB","00-0023459","00-0023459",FALSE,FALSE,FALSE,1
2022,"GB","00-0023459","00-0023459",FALSE,FALSE,FALSE,1
2023,"GB","00-0036264","00-0023459",TRUE,FALSE,TRUE,0.6
2024,"GB","00-0036264","00-0036264",FALSE,FALSE,FALSE,1
2025,"GB","00-0036264","00-0036264",FALSE,FALSE,FALSE,1
2012,"HOU","00-0022787",,FALSE,FALSE,FALSE,1
2013,"HOU","00-0022787","00-0022787",FALSE,FALSE,FALSE,1
2014,"HOU","00-0023682","00-0022787",TRUE,FALSE,TRUE,0.6
2015,"HOU","00-0026625","00-0023682",TRUE,FALSE,TRUE,0.6
2016,"HOU","00-0029682","00-0026625",TRUE,FALSE,TRUE,0.6
2017,"HOU","00-0031064","00-0029682",TRUE,FALSE,TRUE,0.6
2018,"HOU","00-0033537","00-0031064",TRUE,FALSE,TRUE,0.6
2019,"HOU","00-0033537","00-0033537",FALSE,FALSE,FALSE,1
2020,"HOU","00-0033537","00-0033537",FALSE,FALSE,FALSE,1
2021,"HOU","00-0036898","00-0033537",TRUE,FALSE,TRUE,0.6
2022,"HOU","00-0036898","00-0036898",FALSE,FALSE,FALSE,1
2023,"HOU","00-0039163","00-0036898",TRUE,FALSE,TRUE,0.6
2024,"HOU","00-0039163","00-0039163",FALSE,FALSE,FALSE,1
2025,"HOU","00-0039163","00-0039163",FALSE,FALSE,FALSE,1
2012,"IND","00-0029668",,FALSE,FALSE,FALSE,1
2013,"IND","00-0029668","00-0029668",FALSE,FALSE,FALSE,1
2014,"IND","00-0029668","00-0029668",FALSE,FALSE,FALSE,1
2015,"IND","00-0029668","00-0029668",FALSE,FALSE,FALSE,1
2016,"IND","00-0029668","00-0029668",FALSE,FALSE,FALSE,1
2017,"IND","00-0033119","00-0029668",TRUE,FALSE,TRUE,0.6
2018,"IND","00-0029668","00-0033119",TRUE,FALSE,TRUE,0.6
2019,"IND","00-0033119","00-0029668",TRUE,FALSE,TRUE,0.6
2020,"IND","00-0022942","00-0033119",TRUE,FALSE,TRUE,0.6
2021,"IND","00-0032950","00-0022942",TRUE,FALSE,TRUE,0.6
2022,"IND","00-0026143","00-0032950",TRUE,FALSE,TRUE,0.6
2023,"IND","00-0035289","00-0026143",TRUE,FALSE,TRUE,0.6
2024,"IND","00-0039164","00-0035289",TRUE,FALSE,TRUE,0.6
2025,"IND","00-0035710","00-0039164",TRUE,FALSE,TRUE,0.6
2012,"JAX","00-0026197",,FALSE,FALSE,FALSE,1
2013,"JAX","00-0026197","00-0026197",FALSE,FALSE,FALSE,1
2014,"JAX","00-0031407","00-0026197",TRUE,FALSE,TRUE,0.6
2015,"JAX","00-0031407","00-0031407",FALSE,FALSE,FALSE,1
2016,"JAX","00-0031407","00-0031407",FALSE,FALSE,FALSE,1
2017,"JAX","00-0031407","00-0031407",FALSE,FALSE,FALSE,1
2018,"JAX","00-0031407","00-0031407",FALSE,FALSE,FALSE,1
2019,"JAX","00-0035289","00-0031407",TRUE,FALSE,TRUE,0.6
2020,"JAX","00-0035289","00-0035289",FALSE,FALSE,FALSE,1
2021,"JAX","00-0036971","00-0035289",TRUE,FALSE,TRUE,0.6
2022,"JAX","00-0036971","00-0036971",FALSE,FALSE,FALSE,1
2023,"JAX","00-0036971","00-0036971",FALSE,FALSE,FALSE,1
2024,"JAX","00-0036971","00-0036971",FALSE,FALSE,FALSE,1
2025,"JAX","00-0036971","00-0036971",FALSE,FALSE,FALSE,1
2012,"KC","00-0023662",,FALSE,FALSE,FALSE,1
2013,"KC","00-0023436","00-0023662",TRUE,FALSE,TRUE,0.6
2014,"KC","00-0023436","00-0023436",FALSE,FALSE,FALSE,1
2015,"KC","00-0023436","00-0023436",FALSE,FALSE,FALSE,1
2016,"KC","00-0023436","00-0023436",FALSE,FALSE,FALSE,1
2017,"KC","00-0023436","00-0023436",FALSE,FALSE,FALSE,1
2018,"KC","00-0033873","00-0023436",TRUE,FALSE,TRUE,0.6
2019,"KC","00-0033873","00-0033873",FALSE,FALSE,FALSE,1
2020,"KC","00-0033873","00-0033873",FALSE,FALSE,FALSE,1
2021,"KC","00-0033873","00-0033873",FALSE,FALSE,FALSE,1
2022,"KC","00-0033873","00-0033873",FALSE,FALSE,FALSE,1
2023,"KC","00-0033873","00-0033873",FALSE,FALSE,FALSE,1
2024,"KC","00-0033873","00-0033873",FALSE,FALSE,FALSE,1
2025,"KC","00-0033873","00-0033873",FALSE,FALSE,FALSE,1
2012,"LAC","00-0022942",,FALSE,FALSE,FALSE,1
2013,"LAC","00-0022942","00-0022942",FALSE,FALSE,FALSE,1
2014,"LAC","00-0022942","00-0022942",FALSE,FALSE,FALSE,1
2015,"LAC","00-0022942","00-0022942",FALSE,FALSE,FALSE,1
2016,"LAC","00-0022942","00-0022942",FALSE,FALSE,FALSE,1
2017,"LAC","00-0022942","00-0022942",FALSE,FALSE,FALSE,1
2018,"LAC","00-0022942","00-0022942",FALSE,FALSE,FALSE,1
2019,"LAC","00-0022942","00-0022942",FALSE,FALSE,FALSE,1
2020,"LAC","00-0036355","00-0022942",TRUE,FALSE,TRUE,0.6
2021,"LAC","00-0036355","00-0036355",FALSE,FALSE,FALSE,1
2022,"LAC","00-0036355","00-0036355",FALSE,FALSE,FALSE,1
2023,"LAC","00-0036355","00-0036355",FALSE,FALSE,FALSE,1
2024,"LAC","00-0036355","00-0036355",FALSE,FALSE,FALSE,1
2025,"LAC","00-0036355","00-0036355",FALSE,FALSE,FALSE,1
2012,"LAR","00-0027854",,FALSE,FALSE,FALSE,1
2013,"LAR","00-0027854","00-0027854",FALSE,FALSE,FALSE,1
2014,"LAR","00-0028957","00-0027854",TRUE,FALSE,TRUE,0.6
2015,"LAR","00-0029567","00-0028957",TRUE,FALSE,TRUE,0.6
2016,"LAR","00-0028986","00-0029567",TRUE,FALSE,TRUE,0.6
2017,"LAR","00-0033106","00-0028986",TRUE,FALSE,TRUE,0.6
2018,"LAR","00-0033106","00-0033106",FALSE,FALSE,FALSE,1
2019,"LAR","00-0033106","00-0033106",FALSE,FALSE,FALSE,1
2020,"LAR","00-0033106","00-0033106",FALSE,FALSE,FALSE,1
2021,"LAR","00-0026498","00-0033106",TRUE,FALSE,TRUE,0.6
2022,"LAR","00-0026498","00-0026498",FALSE,FALSE,FALSE,1
2023,"LAR","00-0026498","00-0026498",FALSE,FALSE,FALSE,1
2024,"LAR","00-0026498","00-0026498",FALSE,FALSE,FALSE,1
2025,"LAR","00-0026498","00-0026498",FALSE,FALSE,FALSE,1
2012,"LV","00-0021429",,FALSE,FALSE,FALSE,1
2013,"LV","00-0028825","00-0021429",TRUE,FALSE,TRUE,0.6
2014,"LV","00-0031280","00-0028825",TRUE,FALSE,TRUE,0.6
2015,"LV","00-0031280","00-0031280",FALSE,FALSE,FALSE,1
2016,"LV","00-0031280","00-0031280",FALSE,FALSE,FALSE,1
2017,"LV","00-0031280","00-0031280",FALSE,FALSE,FALSE,1
2018,"LV","00-0031280","00-0031280",FALSE,FALSE,FALSE,1
2019,"LV","00-0031280","00-0031280",FALSE,FALSE,FALSE,1
2020,"LV","00-0031280","00-0031280",FALSE,FALSE,FALSE,1
2021,"LV","00-0031280","00-0031280",FALSE,FALSE,FALSE,1
2022,"LV","00-0031280","00-0031280",FALSE,FALSE,FALSE,1
2023,"LV","00-0038579","00-0031280",TRUE,FALSE,TRUE,0.6
2024,"LV","00-0035289","00-0038579",TRUE,FALSE,TRUE,0.6
2025,"LV","00-0030565","00-0035289",TRUE,FALSE,TRUE,0.6
2012,"MIA","00-0029701",,FALSE,FALSE,FALSE,1
2013,"MIA","00-0029701","00-0029701",FALSE,FALSE,FALSE,1
2014,"MIA","00-0029701","00-0029701",FALSE,FALSE,FALSE,1
2015,"MIA","00-0029701","00-0029701",FALSE,FALSE,FALSE,1
2016,"MIA","00-0029701","00-0029701",FALSE,FALSE,FALSE,1
2017,"MIA","00-0024226","00-0029701",TRUE,FALSE,TRUE,0.6
2018,"MIA","00-0029701","00-0024226",TRUE,FALSE,TRUE,0.6
2019,"MIA","00-0023682","00-0029701",TRUE,FALSE,TRUE,0.6
2020,"MIA","00-0036212","00-0023682",TRUE,FALSE,TRUE,0.6
2021,"MIA","00-0036212","00-0036212",FALSE,FALSE,FALSE,1
2022,"MIA","00-0036212","00-0036212",FALSE,FALSE,FALSE,1
2023,"MIA","00-0036212","00-0036212",FALSE,FALSE,FALSE,1
2024,"MIA","00-0036212","00-0036212",FALSE,FALSE,FALSE,1
2025,"MIA","00-0036212","00-0036212",FALSE,FALSE,FALSE,1
2012,"MIN","00-0027950",,FALSE,FALSE,FALSE,1
2013,"MIN","00-0023662","00-0027950",TRUE,FALSE,TRUE,0.6
2014,"MIN","00-0031237","00-0023662",TRUE,FALSE,TRUE,0.6
2015,"MIN","00-0031237","00-0031237",FALSE,FALSE,FALSE,1
2016,"MIN","00-0027854","00-0031237",TRUE,FALSE,TRUE,0.6
2017,"MIN","00-0028986","00-0027854",TRUE,FALSE,TRUE,0.6
2018,"MIN","00-0029604","00-0028986",TRUE,FALSE,TRUE,0.6
2019,"MIN","00-0029604","00-0029604",FALSE,FALSE,FALSE,1
2020,"MIN","00-0029604","00-0029604",FALSE,FALSE,FALSE,1
2021,"MIN","00-0029604","00-0029604",FALSE,FALSE,FALSE,1
2022,"MIN","00-0029604","00-0029604",FALSE,FALSE,FALSE,1
2023,"MIN","00-0029604","00-0029604",FALSE,FALSE,FALSE,1
2024,"MIN","00-0034869","00-0029604",TRUE,FALSE,TRUE,0.6
2025,"MIN","00-0039923","00-0034869",TRUE,FALSE,TRUE,0.6
2012,"NE","00-0019596",,FALSE,FALSE,FALSE,1
2013,"NE","00-0019596","00-0019596",FALSE,FALSE,FALSE,1
2014,"NE","00-0019596","00-0019596",FALSE,FALSE,FALSE,1
2015,"NE","00-0019596","00-0019596",FALSE,FALSE,FALSE,1
2016,"NE","00-0019596","00-0019596",FALSE,FALSE,FALSE,1
2017,"NE","00-0019596","00-0019596",FALSE,FALSE,FALSE,1
2018,"NE","00-0019596","00-0019596",FALSE,FALSE,FALSE,1
2019,"NE","00-0019596","00-0019596",FALSE,FALSE,FALSE,1
2020,"NE","00-0027939","00-0019596",TRUE,FALSE,TRUE,0.6
2021,"NE","00-0036972","00-0027939",TRUE,FALSE,TRUE,0.6
2022,"NE","00-0036972","00-0036972",FALSE,FALSE,FALSE,1
2023,"NE","00-0036972","00-0036972",FALSE,FALSE,FALSE,1
2024,"NE","00-0039851","00-0036972",TRUE,FALSE,TRUE,0.6
2025,"NE","00-0039851","00-0039851",FALSE,FALSE,FALSE,1
2012,"NO","00-0020531",,FALSE,FALSE,FALSE,1
2013,"NO","00-0020531","00-0020531",FALSE,FALSE,FALSE,1
2014,"NO","00-0020531","00-0020531",FALSE,FALSE,FALSE,1
2015,"NO","00-0020531","00-0020531",FALSE,FALSE,FALSE,1
2016,"NO","00-0020531","00-0020531",FALSE,FALSE,FALSE,1
2017,"NO","00-0020531","00-0020531",FALSE,FALSE,FALSE,1
2018,"NO","00-0020531","00-0020531",FALSE,FALSE,FALSE,1
2019,"NO","00-0020531","00-0020531",FALSE,FALSE,FALSE,1
2020,"NO","00-0020531","00-0020531",FALSE,FALSE,FALSE,1
2021,"NO","00-0032156","00-0020531",TRUE,FALSE,TRUE,0.6
2022,"NO","00-0027973","00-0032156",TRUE,FALSE,TRUE,0.6
2023,"NO","00-0031280","00-0027973",TRUE,FALSE,TRUE,0.6
2024,"NO","00-0031280","00-0031280",FALSE,FALSE,FALSE,1
2025,"NO","00-0040743","00-0031280",TRUE,FALSE,TRUE,0.6
2012,"NYG","00-0022803",,FALSE,FALSE,FALSE,1
2013,"NYG","00-0022803","00-0022803",FALSE,FALSE,FALSE,1
2014,"NYG","00-0022803","00-0022803",FALSE,FALSE,FALSE,1
2015,"NYG","00-0022803","00-0022803",FALSE,FALSE,FALSE,1
2016,"NYG","00-0022803","00-0022803",FALSE,FALSE,FALSE,1
2017,"NYG","00-0022803","00-0022803",FALSE,FALSE,FALSE,1
2018,"NYG","00-0022803","00-0022803",FALSE,FALSE,FALSE,1
2019,"NYG","00-0035710","00-0022803",TRUE,FALSE,TRUE,0.6
2020,"NYG","00-0035710","00-0035710",FALSE,FALSE,FALSE,1
2021,"NYG","00-0035710","00-0035710",FALSE,FALSE,FALSE,1
2022,"NYG","00-0035710","00-0035710",FALSE,FALSE,FALSE,1
2023,"NYG","00-0038476","00-0035710",TRUE,FALSE,TRUE,0.6
2024,"NYG","00-0035710","00-0038476",TRUE,FALSE,TRUE,0.6
2025,"NYG","00-0040691","00-0035710",TRUE,FALSE,TRUE,0.6
2012,"NYJ","00-0026898",,FALSE,FALSE,FALSE,1
2013,"NYJ","00-0030565","00-0026898",TRUE,FALSE,TRUE,0.6
2014,"NYJ","00-0030565","00-0030565",FALSE,FALSE,FALSE,1
2015,"NYJ","00-0023682","00-0030565",TRUE,FALSE,TRUE,0.6
2016,"NYJ","00-0023682","00-0023682",FALSE,FALSE,FALSE,1
2017,"NYJ","00-0021206","00-0023682",TRUE,FALSE,TRUE,0.6
2018,"NYJ","00-0034869","00-0021206",TRUE,FALSE,TRUE,0.6
2019,"NYJ","00-0034869","00-0034869",FALSE,FALSE,FALSE,1
2020,"NYJ","00-0034869","00-0034869",FALSE,FALSE,FALSE,1
2021,"NYJ","00-0037013","00-0034869",TRUE,FALSE,TRUE,0.6
2022,"NYJ","00-0037013","00-0037013",FALSE,FALSE,FALSE,1
2023,"NYJ","00-0037013","00-0037013",FALSE,FALSE,FALSE,1
2024,"NYJ","00-0023459","00-0037013",TRUE,FALSE,TRUE,0.6
2025,"NYJ","00-0036945","00-0023459",TRUE,FALSE,TRUE,0.6
2012,"PHI","00-0020245",,FALSE,FALSE,FALSE,1
2013,"PHI","00-0029567","00-0020245",TRUE,FALSE,TRUE,0.6
2014,"PHI","00-0026898","00-0029567",TRUE,FALSE,TRUE,0.6
2015,"PHI","00-0027854","00-0026898",TRUE,FALSE,TRUE,0.6
2016,"PHI","00-0032950","00-0027854",TRUE,FALSE,TRUE,0.6
2017,"PHI","00-0032950","00-0032950",FALSE,FALSE,FALSE,1
2018,"PHI","00-0032950","00-0032950",FALSE,FALSE,FALSE,1
2019,"PHI","00-0032950","00-0032950",FALSE,FALSE,FALSE,1
2020,"PHI","00-0032950","00-0032950",FALSE,FALSE,FALSE,1
2021,"PHI","00-0036389","00-0032950",TRUE,FALSE,TRUE,0.6
2022,"PHI","00-0036389","00-0036389",FALSE,FALSE,FALSE,1
2023,"PHI","00-0036389","00-0036389",FALSE,FALSE,FALSE,1
2024,"PHI","00-0036389","00-0036389",FALSE,FALSE,FALSE,1
2025,"PHI","00-0036389","00-0036389",FALSE,FALSE,FALSE,1
2012,"PIT","00-0022924",,FALSE,FALSE,FALSE,1
2013,"PIT","00-0022924","00-0022924",FALSE,FALSE,FALSE,1
2014,"PIT","00-0022924","00-0022924",FALSE,FALSE,FALSE,1
2015,"PIT","00-0022924","00-0022924",FALSE,FALSE,FALSE,1
2016,"PIT","00-0022924","00-0022924",FALSE,FALSE,FALSE,1
2017,"PIT","00-0022924","00-0022924",FALSE,FALSE,FALSE,1
2018,"PIT","00-0022924","00-0022924",FALSE,FALSE,FALSE,1
2019,"PIT","00-0034771","00-0022924",TRUE,FALSE,TRUE,0.6
2020,"PIT","00-0022924","00-0034771",TRUE,FALSE,TRUE,0.6
2021,"PIT","00-0022924","00-0022924",FALSE,FALSE,FALSE,1
2022,"PIT","00-0038102","00-0022924",TRUE,FALSE,TRUE,0.6
2023,"PIT","00-0038102","00-0038102",FALSE,FALSE,FALSE,1
2024,"PIT","00-0029263","00-0038102",TRUE,FALSE,TRUE,0.6
2025,"PIT","00-0023459","00-0029263",TRUE,FALSE,TRUE,0.6
2012,"SEA","00-0029263",,FALSE,FALSE,FALSE,1
2013,"SEA","00-0029263","00-0029263",FALSE,FALSE,FALSE,1
2014,"SEA","00-0029263","00-0029263",FALSE,FALSE,FALSE,1
2015,"SEA","00-0029263","00-0029263",FALSE,FALSE,FALSE,1
2016,"SEA","00-0029263","00-0029263",FALSE,FALSE,FALSE,1
2017,"SEA","00-0029263","00-0029263",FALSE,FALSE,FALSE,1
2018,"SEA","00-0029263","00-0029263",FALSE,FALSE,FALSE,1
2019,"SEA","00-0029263","00-0029263",FALSE,FALSE,FALSE,1
2020,"SEA","00-0029263","00-0029263",FALSE,FALSE,FALSE,1
2021,"SEA","00-0029263","00-0029263",FALSE,FALSE,FALSE,1
2022,"SEA","00-0030565","00-0029263",TRUE,FALSE,TRUE,0.6
2023,"SEA","00-0030565","00-0030565",FALSE,FALSE,FALSE,1
2024,"SEA","00-0030565","00-0030565",FALSE,FALSE,FALSE,1
2025,"SEA","00-0034869","00-0030565",TRUE,FALSE,TRUE,0.6
2012,"SF","00-0023436",,FALSE,FALSE,FALSE,1
2013,"SF","00-0027974","00-0023436",TRUE,FALSE,TRUE,0.6
2014,"SF","00-0027974","00-0027974",FALSE,FALSE,FALSE,1
2015,"SF","00-0027948","00-0027974",TRUE,FALSE,TRUE,0.6
2016,"SF","00-0027974","00-0027948",TRUE,FALSE,TRUE,0.6
2017,"SF","00-0033936","00-0027974",TRUE,FALSE,TRUE,0.6
2018,"SF","00-0033319","00-0033936",TRUE,FALSE,TRUE,0.6
2019,"SF","00-0031345","00-0033319",TRUE,FALSE,TRUE,0.6
2020,"SF","00-0033319","00-0031345",TRUE,FALSE,TRUE,0.6
2021,"SF","00-0031345","00-0033319",TRUE,FALSE,TRUE,0.6
2022,"SF","00-0031345","00-0031345",FALSE,FALSE,FALSE,1
2023,"SF","00-0037834","00-0031345",TRUE,FALSE,TRUE,0.6
2024,"SF","00-0037834","00-0037834",FALSE,FALSE,FALSE,1
2025,"SF","00-0036972","00-0037834",TRUE,FALSE,TRUE,0.6
2012,"TB","00-0026993",,FALSE,FALSE,FALSE,1
2013,"TB","00-0030520","00-0026993",TRUE,FALSE,TRUE,0.6
2014,"TB","00-0021206","00-0030520",TRUE,FALSE,TRUE,0.6
2015,"TB","00-0031503","00-0021206",TRUE,FALSE,TRUE,0.6
2016,"TB","00-0031503","00-0031503",FALSE,FALSE,FALSE,1
2017,"TB","00-0031503","00-0031503",FALSE,FALSE,FALSE,1
2018,"TB","00-0031503","00-0031503",FALSE,FALSE,FALSE,1
2019,"TB","00-0031503","00-0031503",FALSE,FALSE,FALSE,1
2020,"TB","00-0019596","00-0031503",TRUE,FALSE,TRUE,0.6
2021,"TB","00-0019596","00-0019596",FALSE,FALSE,FALSE,1
2022,"TB","00-0019596","00-0019596",FALSE,FALSE,FALSE,1
2023,"TB","00-0034855","00-0019596",TRUE,FALSE,TRUE,0.6
2024,"TB","00-0034855","00-0034855",FALSE,FALSE,FALSE,1
2025,"TB","00-0034855","00-0034855",FALSE,FALSE,FALSE,1
2012,"TEN","00-0027946",,FALSE,FALSE,FALSE,1
2013,"TEN","00-0023682","00-0027946",TRUE,FALSE,TRUE,0.6
2014,"TEN","00-0024296","00-0023682",TRUE,FALSE,TRUE,0.6
2015,"TEN","00-0032268","00-0024296",TRUE,FALSE,TRUE,0.6
2016,"TEN","00-0032268","00-0032268",FALSE,FALSE,FALSE,1
2017,"TEN","00-0032268","00-0032268",FALSE,FALSE,FALSE,1
2018,"TEN","00-0032268","00-0032268",FALSE,FALSE,FALSE,1
2019,"TEN","00-0029701","00-0032268",TRUE,FALSE,TRUE,0.6
2020,"TEN","00-0029701","00-0029701",FALSE,FALSE,FALSE,1
2021,"TEN","00-0029701","00-0029701",FALSE,FALSE,FALSE,1
2022,"TEN","00-0029701","00-0029701",FALSE,FALSE,FALSE,1
2023,"TEN","00-0039152","00-0029701",TRUE,FALSE,TRUE,0.6
2024,"TEN","00-0039152","00-0039152",FALSE,FALSE,FALSE,1
2025,"TEN","00-0040676","00-0039152",TRUE,FALSE,TRUE,0.6
2012,"WAS","00-0029665",,FALSE,FALSE,FALSE,1
2013,"WAS","00-0029665","00-0029665",FALSE,FALSE,FALSE,1
2014,"WAS","00-0029665","00-0029665",FALSE,FALSE,FALSE,1
2015,"WAS","00-0029604","00-0029665",TRUE,FALSE,TRUE,0.6
2016,"WAS","00-0029604","00-0029604",FALSE,FALSE,FALSE,1
2017,"WAS","00-0029604","00-0029604",FALSE,FALSE,FALSE,1
2018,"WAS","00-0023436","00-0029604",TRUE,FALSE,TRUE,0.6
2019,"WAS","00-0028986","00-0023436",TRUE,FALSE,TRUE,0.6
2020,"WAS","00-0023436","00-0028986",TRUE,FALSE,TRUE,0.6
2021,"WAS","00-0031800","00-0023436",TRUE,FALSE,TRUE,0.6
2022,"WAS","00-0032950","00-0031800",TRUE,FALSE,TRUE,0.6
2023,"WAS","00-0037077","00-0032950",TRUE,FALSE,TRUE,0.6
2024,"WAS","00-0039910","00-0037077",TRUE,FALSE,TRUE,0.6
2025,"WAS","00-0032268","00-0039910",TRUE,FALSE,TRUE,0.6
