"season","through_week","team","metric","value","n_plays","availability","output_class","source_coverage","season_bounds"
2026,4,"ARI","play_action_rate",0.0846,260,"AVAILABLE","DESCRIPTIVE_ONLY","FTN charting (nflreadr::load_ftn_charting)","2022-2026"
2026,4,"ARI","screen_rate",0.0269,260,"AVAILABLE","DESCRIPTIVE_ONLY","FTN charting (nflreadr::load_ftn_charting)","2022-2026"
2026,4,"ARI","rpo_rate",0.0115,260,"AVAILABLE","DESCRIPTIVE_ONLY","FTN charting (nflreadr::load_ftn_charting)","2022-2026"
2026,4,"ARI","motion_rate",0.5,260,"AVAILABLE","DESCRIPTIVE_ONLY","FTN charting (nflreadr::load_ftn_charting)","2022-2026"
2026,4,"ARI","no_huddle_rate",0.0769,260,"AVAILABLE","DESCRIPTIVE_ONLY","FTN charting (nflreadr::load_ftn_charting)","2022-2026"
2026,4,"ATL","play_action_rate",0.0833,240,"AVAILABLE","DESCRIPTIVE_ONLY","FTN charting (nflreadr::load_ftn_charting)","2022-2026"
2026,4,"ATL","screen_rate",0.0667,240,"AVAILABLE","DESCRIPTIVE_ONLY","FTN charting (nflreadr::load_ftn_charting)","2022-2026"
2026,4,"ATL","rpo_rate",0.0208,240,"AVAILABLE","DESCRIPTIVE_ONLY","FTN charting (nflreadr::load_ftn_charting)","2022-2026"
2026,4,"ATL","motion_rate",0.5417,240,"AVAILABLE","DESCRIPTIVE_ONLY","FTN charting (nflreadr::load_ftn_charting)","2022-2026"
2026,4,"ATL","no_huddle_rate",0.025,240,"AVAILABLE","DESCRIPTIVE_ONLY","FTN charting (nflreadr::load_ftn_charting)","2022-2026"
2026,4,"BAL","play_action_rate",0.1375,240,"AVAILABLE","DESCRIPTIVE_ONLY","FTN charting (nflreadr::load_ftn_charting)","2022-2026"
2026,4,"BAL","screen_rate",0.0208,240,"AVAILABLE","DESCRIPTIVE_ONLY","FTN charting (nflreadr::load_ftn_charting)","2022-2026"
2026,4,"BAL","rpo_rate",0.05,240,"AVAILABLE","DESCRIPTIVE_ONLY","FTN charting (nflreadr::load_ftn_charting)","2022-2026"
2026,4,"BAL","motion_rate",0.4875,240,"AVAILABLE","DESCRIPTIVE_ONLY","FTN charting (nflreadr::load_ftn_charting)","2022-2026"
2026,4,"BAL","no_huddle_rate",0.0417,240,"AVAILABLE","DESCRIPTIVE_ONLY","FTN charting (nflreadr::load_ftn_charting)","2022-2026"
2026,4,"BUF","play_action_rate",0.1392,237,"AVAILABLE","DESCRIPTIVE_ONLY","FTN charting (nflreadr::load_ftn_charting)","2022-2026"
2026,4,"BUF","screen_rate",0.0253,237,"AVAILABLE","DESCRIPTIVE_ONLY","FTN charting (nflreadr::load_ftn_charting)","2022-2026"
2026,4,"BUF","rpo_rate",0.0549,237,"AVAILABLE","DESCRIPTIVE_ONLY","FTN charting (nflreadr::load_ftn_charting)","2022-2026"
2026,4,"BUF","motion_rate",0.5316,237,"AVAILABLE","DESCRIPTIVE_ONLY","FTN charting (nflreadr::load_ftn_charting)","2022-2026"
2026,4,"BUF","no_huddle_rate",0.038,237,"AVAILABLE","DESCRIPTIVE_ONLY","FTN charting (nflreadr::load_ftn_charting)","2022-2026"
2026,4,"CAR","play_action_rate",0.1149,261,"AVAILABLE","DESCRIPTIVE_ONLY","FTN charting (nflreadr::load_ftn_charting)","2022-2026"
2026,4,"CAR","screen_rate",0.0192,261,"AVAILABLE","DESCRIPTIVE_ONLY","FTN charting (nflreadr::load_ftn_charting)","2022-2026"
2026,4,"CAR","rpo_rate",0.0651,261,"AVAILABLE","DESCRIPTIVE_ONLY","FTN charting (nflreadr::load_ftn_charting)","2022-2026"
2026,4,"CAR","motion_rate",0.4598,261,"AVAILABLE","DESCRIPTIVE_ONLY","FTN charting (nflreadr::load_ftn_charting)","2022-2026"
2026,4,"CAR","no_huddle_rate",0.0536,261,"AVAILABLE","DESCRIPTIVE_ONLY","FTN charting (nflreadr::load_ftn_charting)","2022-2026"
2026,4,"CHI","play_action_rate",0.1283,265,"AVAILABLE","DESCRIPTIVE_ONLY","FTN charting (nflreadr::load_ftn_charting)","2022-2026"
2026,4,"CHI","screen_rate",0.0302,265,"AVAILABLE","DESCRIPTIVE_ONLY","FTN charting (nflreadr::load_ftn_charting)","2022-2026"
2026,4,"CHI","rpo_rate",0.0113,265,"AVAILABLE","DESCRIPTIVE_ONLY","FTN charting (nflreadr::load_ftn_charting)","2022-2026"
2026,4,"CHI","motion_rate",0.3849,265,"AVAILABLE","DESCRIPTIVE_ONLY","FTN charting (nflreadr::load_ftn_charting)","2022-2026"
2026,4,"CHI","no_huddle_rate",0.034,265,"AVAILABLE","DESCRIPTIVE_ONLY","FTN charting (nflreadr::load_ftn_charting)","2022-2026"
2026,4,"CIN","play_action_rate",0.0894,235,"AVAILABLE","DESCRIPTIVE_ONLY","FTN charting (nflreadr::load_ftn_charting)","2022-2026"
2026,4,"CIN","screen_rate",0.0383,235,"AVAILABLE","DESCRIPTIVE_ONLY","FTN charting (nflreadr::load_ftn_charting)","2022-2026"
2026,4,"CIN","rpo_rate",0.0723,235,"AVAILABLE","DESCRIPTIVE_ONLY","FTN charting (nflreadr::load_ftn_charting)","2022-2026"
2026,4,"CIN","motion_rate",0.3787,235,"AVAILABLE","DESCRIPTIVE_ONLY","FTN charting (nflreadr::load_ftn_charting)","2022-2026"
2026,4,"CIN","no_huddle_rate",0.034,235,"AVAILABLE","DESCRIPTIVE_ONLY","FTN charting (nflreadr::load_ftn_charting)","2022-2026"
2026,4,"CLE","play_action_rate",0.0962,312,"AVAILABLE","DESCRIPTIVE_ONLY","FTN charting (nflreadr::load_ftn_charting)","2022-2026"
2026,4,"CLE","screen_rate",0.0577,312,"AVAILABLE","DESCRIPTIVE_ONLY","FTN charting (nflreadr::load_ftn_charting)","2022-2026"
2026,4,"CLE","rpo_rate",0.0545,312,"AVAILABLE","DESCRIPTIVE_ONLY","FTN charting (nflreadr::load_ftn_charting)","2022-2026"
2026,4,"CLE","motion_rate",0.3846,312,"AVAILABLE","DESCRIPTIVE_ONLY","FTN charting (nflreadr::load_ftn_charting)","2022-2026"
2026,4,"CLE","no_huddle_rate",0.0224,312,"AVAILABLE","DESCRIPTIVE_ONLY","FTN charting (nflreadr::load_ftn_charting)","2022-2026"
2026,4,"DAL","play_action_rate",0.1327,226,"AVAILABLE","DESCRIPTIVE_ONLY","FTN charting (nflreadr::load_ftn_charting)","2022-2026"
2026,4,"DAL","screen_rate",0.0354,226,"AVAILABLE","DESCRIPTIVE_ONLY","FTN charting (nflreadr::load_ftn_charting)","2022-2026"
2026,4,"DAL","rpo_rate",0.0177,226,"AVAILABLE","DESCRIPTIVE_ONLY","FTN charting (nflreadr::load_ftn_charting)","2022-2026"
2026,4,"DAL","motion_rate",0.4646,226,"AVAILABLE","DESCRIPTIVE_ONLY","FTN charting (nflreadr::load_ftn_charting)","2022-2026"
2026,4,"DAL","no_huddle_rate",0.0442,226,"AVAILABLE","DESCRIPTIVE_ONLY","FTN charting (nflreadr::load_ftn_charting)","2022-2026"
2026,4,"DEN","play_action_rate",0.1195,226,"AVAILABLE","DESCRIPTIVE_ONLY","FTN charting (nflreadr::load_ftn_charting)","2022-2026"
2026,4,"DEN","screen_rate",0.0398,226,"AVAILABLE","DESCRIPTIVE_ONLY","FTN charting (nflreadr::load_ftn_charting)","2022-2026"
2026,4,"DEN","rpo_rate",0.031,226,"AVAILABLE","DESCRIPTIVE_ONLY","FTN charting (nflreadr::load_ftn_charting)","2022-2026"
2026,4,"DEN","motion_rate",0.4513,226,"AVAILABLE","DESCRIPTIVE_ONLY","FTN charting (nflreadr::load_ftn_charting)","2022-2026"
2026,4,"DEN","no_huddle_rate",0.0442,226,"AVAILABLE","DESCRIPTIVE_ONLY","FTN charting (nflreadr::load_ftn_charting)","2022-2026"
2026,4,"DET","play_action_rate",0.1622,259,"AVAILABLE","DESCRIPTIVE_ONLY","FTN charting (nflreadr::load_ftn_charting)","2022-2026"
2026,4,"DET","screen_rate",0.0193,259,"AVAILABLE","DESCRIPTIVE_ONLY","FTN charting (nflreadr::load_ftn_charting)","2022-2026"
2026,4,"DET","rpo_rate",0.0154,259,"AVAILABLE","DESCRIPTIVE_ONLY","FTN charting (nflreadr::load_ftn_charting)","2022-2026"
2026,4,"DET","motion_rate",0.4247,259,"AVAILABLE","DESCRIPTIVE_ONLY","FTN charting (nflreadr::load_ftn_charting)","2022-2026"
2026,4,"DET","no_huddle_rate",0.0232,259,"AVAILABLE","DESCRIPTIVE_ONLY","FTN charting (nflreadr::load_ftn_charting)","2022-2026"
2026,4,"GB","play_action_rate",0.0816,245,"AVAILABLE","DESCRIPTIVE_ONLY","FTN charting (nflreadr::load_ftn_charting)","2022-2026"
2026,4,"GB","screen_rate",0.0408,245,"AVAILABLE","DESCRIPTIVE_ONLY","FTN charting (nflreadr::load_ftn_charting)","2022-2026"
2026,4,"GB","rpo_rate",0.0286,245,"AVAILABLE","DESCRIPTIVE_ONLY","FTN charting (nflreadr::load_ftn_charting)","2022-2026"
2026,4,"GB","motion_rate",0.4245,245,"AVAILABLE","DESCRIPTIVE_ONLY","FTN charting (nflreadr::load_ftn_charting)","2022-2026"
2026,4,"GB","no_huddle_rate",0.098,245,"AVAILABLE","DESCRIPTIVE_ONLY","FTN charting (nflreadr::load_ftn_charting)","2022-2026"
2026,4,"HOU","play_action_rate",0.1053,266,"AVAILABLE","DESCRIPTIVE_ONLY","FTN charting (nflreadr::load_ftn_charting)","2022-2026"
2026,4,"HOU","screen_rate",0.015,266,"AVAILABLE","DESCRIPTIVE_ONLY","FTN charting (nflreadr::load_ftn_charting)","2022-2026"
2026,4,"HOU","rpo_rate",0.0188,266,"AVAILABLE","DESCRIPTIVE_ONLY","FTN charting (nflreadr::load_ftn_charting)","2022-2026"
2026,4,"HOU","motion_rate",0.3835,266,"AVAILABLE","DESCRIPTIVE_ONLY","FTN charting (nflreadr::load_ftn_charting)","2022-2026"
2026,4,"HOU","no_huddle_rate",0.0752,266,"AVAILABLE","DESCRIPTIVE_ONLY","FTN charting (nflreadr::load_ftn_charting)","2022-2026"
2026,4,"IND","play_action_rate",0.1597,238,"AVAILABLE","DESCRIPTIVE_ONLY","FTN charting (nflreadr::load_ftn_charting)","2022-2026"
2026,4,"IND","screen_rate",0.0462,238,"AVAILABLE","DESCRIPTIVE_ONLY","FTN charting (nflreadr::load_ftn_charting)","2022-2026"
2026,4,"IND","rpo_rate",0.0546,238,"AVAILABLE","DESCRIPTIVE_ONLY","FTN charting (nflreadr::load_ftn_charting)","2022-2026"
2026,4,"IND","motion_rate",0.4958,238,"AVAILABLE","DESCRIPTIVE_ONLY","FTN charting (nflreadr::load_ftn_charting)","2022-2026"
2026,4,"IND","no_huddle_rate",0.0336,238,"AVAILABLE","DESCRIPTIVE_ONLY","FTN charting (nflreadr::load_ftn_charting)","2022-2026"
2026,4,"JAX","play_action_rate",0.1067,225,"AVAILABLE","DESCRIPTIVE_ONLY","FTN charting (nflreadr::load_ftn_charting)","2022-2026"
2026,4,"JAX","screen_rate",0.04,225,"AVAILABLE","DESCRIPTIVE_ONLY","FTN charting (nflreadr::load_ftn_charting)","2022-2026"
2026,4,"JAX","rpo_rate",0.0089,225,"AVAILABLE","DESCRIPTIVE_ONLY","FTN charting (nflreadr::load_ftn_charting)","2022-2026"
2026,4,"JAX","motion_rate",0.44,225,"AVAILABLE","DESCRIPTIVE_ONLY","FTN charting (nflreadr::load_ftn_charting)","2022-2026"
2026,4,"JAX","no_huddle_rate",0.0578,225,"AVAILABLE","DESCRIPTIVE_ONLY","FTN charting (nflreadr::load_ftn_charting)","2022-2026"
2026,4,"KC","play_action_rate",0.1694,242,"AVAILABLE","DESCRIPTIVE_ONLY","FTN charting (nflreadr::load_ftn_charting)","2022-2026"
2026,4,"KC","screen_rate",0.0909,242,"AVAILABLE","DESCRIPTIVE_ONLY","FTN charting (nflreadr::load_ftn_charting)","2022-2026"
2026,4,"KC","rpo_rate",0.0909,242,"AVAILABLE","DESCRIPTIVE_ONLY","FTN charting (nflreadr::load_ftn_charting)","2022-2026"
2026,4,"KC","motion_rate",0.4835,242,"AVAILABLE","DESCRIPTIVE_ONLY","FTN charting (nflreadr::load_ftn_charting)","2022-2026"
2026,4,"KC","no_huddle_rate",0.0041,242,"AVAILABLE","DESCRIPTIVE_ONLY","FTN charting (nflreadr::load_ftn_charting)","2022-2026"
2026,4,"LAC","play_action_rate",0.1297,239,"AVAILABLE","DESCRIPTIVE_ONLY","FTN charting (nflreadr::load_ftn_charting)","2022-2026"
2026,4,"LAC","screen_rate",0.0293,239,"AVAILABLE","DESCRIPTIVE_ONLY","FTN charting (nflreadr::load_ftn_charting)","2022-2026"
2026,4,"LAC","rpo_rate",0.0209,239,"AVAILABLE","DESCRIPTIVE_ONLY","FTN charting (nflreadr::load_ftn_charting)","2022-2026"
2026,4,"LAC","motion_rate",0.6234,239,"AVAILABLE","DESCRIPTIVE_ONLY","FTN charting (nflreadr::load_ftn_charting)","2022-2026"
2026,4,"LAC","no_huddle_rate",0.0335,239,"AVAILABLE","DESCRIPTIVE_ONLY","FTN charting (nflreadr::load_ftn_charting)","2022-2026"
2026,4,"LAR","play_action_rate",0.1275,251,"AVAILABLE","DESCRIPTIVE_ONLY","FTN charting (nflreadr::load_ftn_charting)","2022-2026"
2026,4,"LAR","screen_rate",0.0279,251,"AVAILABLE","DESCRIPTIVE_ONLY","FTN charting (nflreadr::load_ftn_charting)","2022-2026"
2026,4,"LAR","rpo_rate",0,251,"AVAILABLE","DESCRIPTIVE_ONLY","FTN charting (nflreadr::load_ftn_charting)","2022-2026"
2026,4,"LAR","motion_rate",0.5139,251,"AVAILABLE","DESCRIPTIVE_ONLY","FTN charting (nflreadr::load_ftn_charting)","2022-2026"
2026,4,"LAR","no_huddle_rate",0.0837,251,"AVAILABLE","DESCRIPTIVE_ONLY","FTN charting (nflreadr::load_ftn_charting)","2022-2026"
2026,4,"LV","play_action_rate",0.1025,244,"AVAILABLE","DESCRIPTIVE_ONLY","FTN charting (nflreadr::load_ftn_charting)","2022-2026"
2026,4,"LV","screen_rate",0.0328,244,"AVAILABLE","DESCRIPTIVE_ONLY","FTN charting (nflreadr::load_ftn_charting)","2022-2026"
2026,4,"LV","rpo_rate",0.0205,244,"AVAILABLE","DESCRIPTIVE_ONLY","FTN charting (nflreadr::load_ftn_charting)","2022-2026"
2026,4,"LV","motion_rate",0.4959,244,"AVAILABLE","DESCRIPTIVE_ONLY","FTN charting (nflreadr::load_ftn_charting)","2022-2026"
2026,4,"LV","no_huddle_rate",0.0246,244,"AVAILABLE","DESCRIPTIVE_ONLY","FTN charting (nflreadr::load_ftn_charting)","2022-2026"
2026,4,"MIA","play_action_rate",0.1255,231,"AVAILABLE","DESCRIPTIVE_ONLY","FTN charting (nflreadr::load_ftn_charting)","2022-2026"
2026,4,"MIA","screen_rate",0.0606,231,"AVAILABLE","DESCRIPTIVE_ONLY","FTN charting (nflreadr::load_ftn_charting)","2022-2026"
2026,4,"MIA","rpo_rate",0.0476,231,"AVAILABLE","DESCRIPTIVE_ONLY","FTN charting (nflreadr::load_ftn_charting)","2022-2026"
2026,4,"MIA","motion_rate",0.6494,231,"AVAILABLE","DESCRIPTIVE_ONLY","FTN charting (nflreadr::load_ftn_charting)","2022-2026"
2026,4,"MIA","no_huddle_rate",0.0173,231,"AVAILABLE","DESCRIPTIVE_ONLY","FTN charting (nflreadr::load_ftn_charting)","2022-2026"
2026,4,"MIN","play_action_rate",0.1189,227,"AVAILABLE","DESCRIPTIVE_ONLY","FTN charting (nflreadr::load_ftn_charting)","2022-2026"
2026,4,"MIN","screen_rate",0.0485,227,"AVAILABLE","DESCRIPTIVE_ONLY","FTN charting (nflreadr::load_ftn_charting)","2022-2026"
2026,4,"MIN","rpo_rate",0.0308,227,"AVAILABLE","DESCRIPTIVE_ONLY","FTN charting (nflreadr::load_ftn_charting)","2022-2026"
2026,4,"MIN","motion_rate",0.4229,227,"AVAILABLE","DESCRIPTIVE_ONLY","FTN charting (nflreadr::load_ftn_charting)","2022-2026"
2026,4,"MIN","no_huddle_rate",0.0396,227,"AVAILABLE","DESCRIPTIVE_ONLY","FTN charting (nflreadr::load_ftn_charting)","2022-2026"
2026,4,"NE","play_action_rate",0.1057,227,"AVAILABLE","DESCRIPTIVE_ONLY","FTN charting (nflreadr::load_ftn_charting)","2022-2026"
2026,4,"NE","screen_rate",0.0485,227,"AVAILABLE","DESCRIPTIVE_ONLY","FTN charting (nflreadr::load_ftn_charting)","2022-2026"
2026,4,"NE","rpo_rate",0.022,227,"AVAILABLE","DESCRIPTIVE_ONLY","FTN charting (nflreadr::load_ftn_charting)","2022-2026"
2026,4,"NE","motion_rate",0.3833,227,"AVAILABLE","DESCRIPTIVE_ONLY","FTN charting (nflreadr::load_ftn_charting)","2022-2026"
2026,4,"NE","no_huddle_rate",0.0088,227,"AVAILABLE","DESCRIPTIVE_ONLY","FTN charting (nflreadr::load_ftn_charting)","2022-2026"
2026,4,"NO","play_action_rate",0.0929,280,"AVAILABLE","DESCRIPTIVE_ONLY","FTN charting (nflreadr::load_ftn_charting)","2022-2026"
2026,4,"NO","screen_rate",0.0179,280,"AVAILABLE","DESCRIPTIVE_ONLY","FTN charting (nflreadr::load_ftn_charting)","2022-2026"
2026,4,"NO","rpo_rate",0.0286,280,"AVAILABLE","DESCRIPTIVE_ONLY","FTN charting (nflreadr::load_ftn_charting)","2022-2026"
2026,4,"NO","motion_rate",0.5429,280,"AVAILABLE","DESCRIPTIVE_ONLY","FTN charting (nflreadr::load_ftn_charting)","2022-2026"
2026,4,"NO","no_huddle_rate",0.1357,280,"AVAILABLE","DESCRIPTIVE_ONLY","FTN charting (nflreadr::load_ftn_charting)","2022-2026"
2026,4,"NYG","play_action_rate",0.1026,234,"AVAILABLE","DESCRIPTIVE_ONLY","FTN charting (nflreadr::load_ftn_charting)","2022-2026"
2026,4,"NYG","screen_rate",0.0171,234,"AVAILABLE","DESCRIPTIVE_ONLY","FTN charting (nflreadr::load_ftn_charting)","2022-2026"
2026,4,"NYG","rpo_rate",0.0085,234,"AVAILABLE","DESCRIPTIVE_ONLY","FTN charting (nflreadr::load_ftn_charting)","2022-2026"
2026,4,"NYG","motion_rate",0.4274,234,"AVAILABLE","DESCRIPTIVE_ONLY","FTN charting (nflreadr::load_ftn_charting)","2022-2026"
2026,4,"NYG","no_huddle_rate",0.0342,234,"AVAILABLE","DESCRIPTIVE_ONLY","FTN charting (nflreadr::load_ftn_charting)","2022-2026"
2026,4,"NYJ","play_action_rate",0.0984,254,"AVAILABLE","DESCRIPTIVE_ONLY","FTN charting (nflreadr::load_ftn_charting)","2022-2026"
2026,4,"NYJ","screen_rate",0.0433,254,"AVAILABLE","DESCRIPTIVE_ONLY","FTN charting (nflreadr::load_ftn_charting)","2022-2026"
2026,4,"NYJ","rpo_rate",0.0197,254,"AVAILABLE","DESCRIPTIVE_ONLY","FTN charting (nflreadr::load_ftn_charting)","2022-2026"
2026,4,"NYJ","motion_rate",0.3937,254,"AVAILABLE","DESCRIPTIVE_ONLY","FTN charting (nflreadr::load_ftn_charting)","2022-2026"
2026,4,"NYJ","no_huddle_rate",0.0551,254,"AVAILABLE","DESCRIPTIVE_ONLY","FTN charting (nflreadr::load_ftn_charting)","2022-2026"
2026,4,"PHI","play_action_rate",0.0901,222,"AVAILABLE","DESCRIPTIVE_ONLY","FTN charting (nflreadr::load_ftn_charting)","2022-2026"
2026,4,"PHI","screen_rate",0.027,222,"AVAILABLE","DESCRIPTIVE_ONLY","FTN charting (nflreadr::load_ftn_charting)","2022-2026"
2026,4,"PHI","rpo_rate",0.0721,222,"AVAILABLE","DESCRIPTIVE_ONLY","FTN charting (nflreadr::load_ftn_charting)","2022-2026"
2026,4,"PHI","motion_rate",0.4234,222,"AVAILABLE","DESCRIPTIVE_ONLY","FTN charting (nflreadr::load_ftn_charting)","2022-2026"
2026,4,"PHI","no_huddle_rate",0.1261,222,"AVAILABLE","DESCRIPTIVE_ONLY","FTN charting (nflreadr::load_ftn_charting)","2022-2026"
2026,4,"PIT","play_action_rate",0.1098,337,"AVAILABLE","DESCRIPTIVE_ONLY","FTN charting (nflreadr::load_ftn_charting)","2022-2026"
2026,4,"PIT","screen_rate",0.0504,337,"AVAILABLE","DESCRIPTIVE_ONLY","FTN charting (nflreadr::load_ftn_charting)","2022-2026"
2026,4,"PIT","rpo_rate",0.0682,337,"AVAILABLE","DESCRIPTIVE_ONLY","FTN charting (nflreadr::load_ftn_charting)","2022-2026"
2026,4,"PIT","motion_rate",0.3917,337,"AVAILABLE","DESCRIPTIVE_ONLY","FTN charting (nflreadr::load_ftn_charting)","2022-2026"
2026,4,"PIT","no_huddle_rate",0.0801,337,"AVAILABLE","DESCRIPTIVE_ONLY","FTN charting (nflreadr::load_ftn_charting)","2022-2026"
2026,4,"SEA","play_action_rate",0.1667,234,"AVAILABLE","DESCRIPTIVE_ONLY","FTN charting (nflreadr::load_ftn_charting)","2022-2026"
2026,4,"SEA","screen_rate",0.047,234,"AVAILABLE","DESCRIPTIVE_ONLY","FTN charting (nflreadr::load_ftn_charting)","2022-2026"
2026,4,"SEA","rpo_rate",0.0085,234,"AVAILABLE","DESCRIPTIVE_ONLY","FTN charting (nflreadr::load_ftn_charting)","2022-2026"
2026,4,"SEA","motion_rate",0.4744,234,"AVAILABLE","DESCRIPTIVE_ONLY","FTN charting (nflreadr::load_ftn_charting)","2022-2026"
2026,4,"SEA","no_huddle_rate",0.0128,234,"AVAILABLE","DESCRIPTIVE_ONLY","FTN charting (nflreadr::load_ftn_charting)","2022-2026"
2026,4,"SF","play_action_rate",0.119,210,"AVAILABLE","DESCRIPTIVE_ONLY","FTN charting (nflreadr::load_ftn_charting)","2022-2026"
2026,4,"SF","screen_rate",0.0476,210,"AVAILABLE","DESCRIPTIVE_ONLY","FTN charting (nflreadr::load_ftn_charting)","2022-2026"
2026,4,"SF","rpo_rate",0.0048,210,"AVAILABLE","DESCRIPTIVE_ONLY","FTN charting (nflreadr::load_ftn_charting)","2022-2026"
2026,4,"SF","motion_rate",0.6429,210,"AVAILABLE","DESCRIPTIVE_ONLY","FTN charting (nflreadr::load_ftn_charting)","2022-2026"
2026,4,"SF","no_huddle_rate",0.0048,210,"AVAILABLE","DESCRIPTIVE_ONLY","FTN charting (nflreadr::load_ftn_charting)","2022-2026"
2026,4,"TB","play_action_rate",0.127,244,"AVAILABLE","DESCRIPTIVE_ONLY","FTN charting (nflreadr::load_ftn_charting)","2022-2026"
2026,4,"TB","screen_rate",0.0328,244,"AVAILABLE","DESCRIPTIVE_ONLY","FTN charting (nflreadr::load_ftn_charting)","2022-2026"
2026,4,"TB","rpo_rate",0.0205,244,"AVAILABLE","DESCRIPTIVE_ONLY","FTN charting (nflreadr::load_ftn_charting)","2022-2026"
2026,4,"TB","motion_rate",0.5246,244,"AVAILABLE","DESCRIPTIVE_ONLY","FTN charting (nflreadr::load_ftn_charting)","2022-2026"
2026,4,"TB","no_huddle_rate",0.0738,244,"AVAILABLE","DESCRIPTIVE_ONLY","FTN charting (nflreadr::load_ftn_charting)","2022-2026"
2026,4,"TEN","play_action_rate",0.1214,206,"AVAILABLE","DESCRIPTIVE_ONLY","FTN charting (nflreadr::load_ftn_charting)","2022-2026"
2026,4,"TEN","screen_rate",0.0291,206,"AVAILABLE","DESCRIPTIVE_ONLY","FTN charting (nflreadr::load_ftn_charting)","2022-2026"
2026,4,"TEN","rpo_rate",0.0291,206,"AVAILABLE","DESCRIPTIVE_ONLY","FTN charting (nflreadr::load_ftn_charting)","2022-2026"
2026,4,"TEN","motion_rate",0.3786,206,"AVAILABLE","DESCRIPTIVE_ONLY","FTN charting (nflreadr::load_ftn_charting)","2022-2026"
2026,4,"TEN","no_huddle_rate",0.1165,206,"AVAILABLE","DESCRIPTIVE_ONLY","FTN charting (nflreadr::load_ftn_charting)","2022-2026"
2026,4,"WAS","play_action_rate",0.1098,264,"AVAILABLE","DESCRIPTIVE_ONLY","FTN charting (nflreadr::load_ftn_charting)","2022-2026"
2026,4,"WAS","screen_rate",0.0265,264,"AVAILABLE","DESCRIPTIVE_ONLY","FTN charting (nflreadr::load_ftn_charting)","2022-2026"
2026,4,"WAS","rpo_rate",0.0417,264,"AVAILABLE","DESCRIPTIVE_ONLY","FTN charting (nflreadr::load_ftn_charting)","2022-2026"
2026,4,"WAS","motion_rate",0.4318,264,"AVAILABLE","DESCRIPTIVE_ONLY","FTN charting (nflreadr::load_ftn_charting)","2022-2026"
2026,4,"WAS","no_huddle_rate",0.0644,264,"AVAILABLE","DESCRIPTIVE_ONLY","FTN charting (nflreadr::load_ftn_charting)","2022-2026"
