"season","through_week","team","side","metric","output_class","raw","modeled","league_percentile","n_obs_effective","prior_mean","prior_n_seasons","confidence"
2026,4,"ARI","defense","coverage_allowed_epa_RB","MODELED",-0.00511164340811471,0.0213343992420056,0.326315789473684,2.52808988764045,0.0363905977333624,4,"INSUFFICIENT_SAMPLE"
2026,4,"ATL","defense","coverage_allowed_epa_RB","MODELED",-0.240955710196313,0.03215624342929,0.242105263157895,3.37151702786378,0.0568681355561086,4,"INSUFFICIENT_SAMPLE"
2026,4,"BAL","defense","coverage_allowed_epa_RB","MODELED",-0.939647612825315,0.0331950112195557,0.231578947368421,3.72307692307692,0.0635688565254206,4,"INSUFFICIENT_SAMPLE"
2026,4,"BUF","defense","coverage_allowed_epa_RB","MODELED",0.144626822900595,-0.0417598348559342,0.757894736842105,3.63120567375887,-0.0702033131782238,4,"INSUFFICIENT_SAMPLE"
2026,4,"CAR","defense","coverage_allowed_epa_RB","MODELED",-0.108359367283919,-0.0270562368754766,0.684210526315789,3.55789473684211,-0.040646055306552,4,"INSUFFICIENT_SAMPLE"
2026,4,"CHI","defense","coverage_allowed_epa_RB","MODELED",-0.0713156118895503,0.0500096376312606,0.189473684210526,3.37931034482759,0.0827664730617533,4,"INSUFFICIENT_SAMPLE"
2026,4,"CIN","defense","coverage_allowed_epa_RB","MODELED",0.116967314142543,0.121193379288143,0.0105263157894737,3.27027027027027,0.19645897965562,4,"INSUFFICIENT_SAMPLE"
2026,4,"CLE","defense","coverage_allowed_epa_RB","MODELED",-0.206693312553608,-0.0722405675390902,0.884210526315789,3.40845070422535,-0.114621585800986,4,"INSUFFICIENT_SAMPLE"
2026,4,"DAL","defense","coverage_allowed_epa_RB","MODELED",0.18788538647162,0.0349991020770068,0.221052631578947,2.57894736842105,0.0554891567197807,4,"INSUFFICIENT_SAMPLE"
2026,4,"DEN","defense","coverage_allowed_epa_RB","MODELED",-0.142723297652174,-0.0191557269828638,0.610526315789474,3.6,-0.0290834341893654,4,"INSUFFICIENT_SAMPLE"
2026,4,"DET","defense","coverage_allowed_epa_RB","MODELED",-0.134019837743184,0.00892677214423055,0.473684210526316,3.02285714285714,0.0187618232067891,4,"INSUFFICIENT_SAMPLE"
2026,4,"GB","defense","coverage_allowed_epa_RB","MODELED",0.743907331838273,-0.00659134416114588,0.557894736842105,3,-0.0171850727030791,4,"INSUFFICIENT_SAMPLE"
2026,4,"HOU","defense","coverage_allowed_epa_RB","MODELED",-0.322925873275403,-0.0877081450852058,0.957894736842105,3.63636363636364,-0.139537292650435,4,"INSUFFICIENT_SAMPLE"
2026,4,"IND","defense","coverage_allowed_epa_RB","MODELED",0.210711990498101,-0.0961416758556754,0.968421052631579,2.74093264248705,-0.158768197877169,4,"INSUFFICIENT_SAMPLE"
2026,4,"JAX","defense","coverage_allowed_epa_RB","MODELED",0.0355830873344656,-0.0236554313316314,0.652631578947368,3.46090534979424,-0.0393954149780222,4,"INSUFFICIENT_SAMPLE"
2026,4,"KC","defense","coverage_allowed_epa_RB","MODELED",0.00743645120993514,0.0375332487486224,0.210526315789474,3.1301775147929,0.0597846090276459,4,"INSUFFICIENT_SAMPLE"
2026,4,"LAC","defense","coverage_allowed_epa_RB","MODELED",-0.203573837667742,-0.070890029064531,0.873684210526316,3.84,-0.114803065165462,4,"INSUFFICIENT_SAMPLE"
2026,4,"LAR","defense","coverage_allowed_epa_RB","MODELED",-0.33951408710457,-0.0128125219568759,0.589473684210526,3.3906976744186,-0.0161512676487146,4,"INSUFFICIENT_SAMPLE"
2026,4,"LV","defense","coverage_allowed_epa_RB","MODELED",0.131362769679988,0.0316351167022537,0.252631578947368,3.65822784810127,0.050661463614802,4,"INSUFFICIENT_SAMPLE"
2026,4,"MIA","defense","coverage_allowed_epa_RB","MODELED",0.464072068980628,0.113527521428336,0.0315789473684211,3.55555555555556,0.178237959697742,4,"INSUFFICIENT_SAMPLE"
2026,4,"MIN","defense","coverage_allowed_epa_RB","MODELED",-0.115398282448226,-0.130070563347386,0.989473684210526,2.89855072463768,-0.210661625496649,4,"INSUFFICIENT_SAMPLE"
2026,4,"NE","defense","coverage_allowed_epa_RB","MODELED",0.0848898138329071,-0.0233576773125147,0.642105263157895,3.97297297297297,-0.0382624809152269,4,"INSUFFICIENT_SAMPLE"
2026,4,"NO","defense","coverage_allowed_epa_RB","MODELED",-0.0899972833826192,-0.0177893905394673,0.6,3.76744186046512,-0.0273110663214043,4,"INSUFFICIENT_SAMPLE"
2026,4,"NYG","defense","coverage_allowed_epa_RB","MODELED",0.193699835559043,0.0134520808169389,0.421052631578947,3.8135593220339,0.0172316691200523,4,"INSUFFICIENT_SAMPLE"
2026,4,"NYJ","defense","coverage_allowed_epa_RB","MODELED",0.331868671192079,0.109114063731955,0.0421052631578947,3.5503355704698,0.175527505253464,4,"INSUFFICIENT_SAMPLE"
2026,4,"PHI","defense","coverage_allowed_epa_RB","MODELED",-0.00689433081424795,-0.0085696191055052,0.578947368421053,2.28571428571429,-0.0143613110931582,4,"INSUFFICIENT_SAMPLE"
2026,4,"PIT","defense","coverage_allowed_epa_RB","MODELED",-0.343779069116094,0.00734378333019403,0.494736842105263,3.53153153153153,0.0157322730855575,4,"INSUFFICIENT_SAMPLE"
2026,4,"SEA","defense","coverage_allowed_epa_RB","MODELED",0.377096056114099,-0.069903184692991,0.863157894736842,3.1588785046729,-0.119976228810532,4,"INSUFFICIENT_SAMPLE"
2026,4,"SF","defense","coverage_allowed_epa_RB","MODELED",0.150484524508926,-0.0298874858110459,0.715789473684211,3.46524064171123,-0.0514099370764277,4,"INSUFFICIENT_SAMPLE"
2026,4,"TB","defense","coverage_allowed_epa_RB","MODELED",0.0589004133234145,0.084030536260709,0.0842105263157895,3.88118811881188,0.135711617302782,4,"INSUFFICIENT_SAMPLE"
2026,4,"TEN","defense","coverage_allowed_epa_RB","MODELED",0.0641679047820546,0.0279705192993472,0.294736842105263,3.76744186046512,0.0442865778447125,4,"INSUFFICIENT_SAMPLE"
2026,4,"WAS","defense","coverage_allowed_epa_RB","MODELED",0.0455270055403658,0.0101404257246451,0.442105263157895,3.40845070422535,0.0148996518248463,4,"INSUFFICIENT_SAMPLE"
2026,4,"ARI","defense","coverage_allowed_epa_WR","MODELED",0.670979878286954,0.0155326413880629,0.4,3.73203883495146,0.0200596960691228,4,"INSUFFICIENT_SAMPLE"
2026,4,"ATL","defense","coverage_allowed_epa_WR","MODELED",0.236473349226908,0.0151646538436803,0.410526315789474,3.84218455743879,0.0252280130975266,4,"INSUFFICIENT_SAMPLE"
2026,4,"BAL","defense","coverage_allowed_epa_WR","MODELED",0.416580295205637,0.0121739506161377,0.431578947368421,3.822309970385,0.0192157283255114,4,"INSUFFICIENT_SAMPLE"
2026,4,"BUF","defense","coverage_allowed_epa_WR","MODELED",0.480897103151629,0.00105868469962723,0.536842105263158,3.9864406779661,-0.00326166263891511,4,"INSUFFICIENT_SAMPLE"
2026,4,"CAR","defense","coverage_allowed_epa_WR","MODELED",0.174199224678796,0.00992274181296619,0.452631578947368,3.7555266579974,0.0175831146714836,4,"INSUFFICIENT_SAMPLE"
2026,4,"CHI","defense","coverage_allowed_epa_WR","MODELED",0.0921988602715454,0.00613988427166183,0.515789473684211,3.62207357859532,0.0121253426441504,4,"INSUFFICIENT_SAMPLE"
2026,4,"CIN","defense","coverage_allowed_epa_WR","MODELED",0.244446550380857,0.0176657018650855,0.368421052631579,3.65671641791045,0.0285501544286909,4,"INSUFFICIENT_SAMPLE"
2026,4,"CLE","defense","coverage_allowed_epa_WR","MODELED",0.37437567814797,-0.0439918237546842,0.768421052631579,3.87515923566879,-0.072857559241745,4,"INSUFFICIENT_SAMPLE"
2026,4,"DAL","defense","coverage_allowed_epa_WR","MODELED",0.529293698247136,0.104730648165954,0.0526315789473684,3.67687819110139,0.166675854714672,4,"INSUFFICIENT_SAMPLE"
2026,4,"DEN","defense","coverage_allowed_epa_WR","MODELED",0.103358994682909,-0.0453680612491558,0.8,3.73505654281099,-0.0677086509303263,4,"INSUFFICIENT_SAMPLE"
2026,4,"DET","defense","coverage_allowed_epa_WR","MODELED",0.770908304767853,-0.00812674358993916,0.568421052631579,3.79663688912244,-0.0184647811083235,4,"INSUFFICIENT_SAMPLE"
2026,4,"GB","defense","coverage_allowed_epa_WR","MODELED",0.214792726004372,0.0583678570811021,0.147368421052632,3.79750346740638,0.0952427361479494,4,"INSUFFICIENT_SAMPLE"
2026,4,"HOU","defense","coverage_allowed_epa_WR","MODELED",0.510988824119118,-0.055297638002388,0.831578947368421,3.82986425339367,-0.0925007289266958,4,"INSUFFICIENT_SAMPLE"
2026,4,"IND","defense","coverage_allowed_epa_WR","MODELED",0.315743545210933,0.0160403931365106,0.389473684210526,3.81737849779087,0.0255470640523793,4,"INSUFFICIENT_SAMPLE"
2026,4,"JAX","defense","coverage_allowed_epa_WR","MODELED",0.0915629107953941,-0.0842389298966719,0.926315789473684,3.52514463729417,-0.136660153200174,4,"INSUFFICIENT_SAMPLE"
2026,4,"KC","defense","coverage_allowed_epa_WR","MODELED",-0.0957307062521075,-0.0441724142868614,0.778947368421053,3.84,-0.069026705805224,4,"INSUFFICIENT_SAMPLE"
2026,4,"LAC","defense","coverage_allowed_epa_WR","MODELED",0.42515153232626,-0.0395864192443748,0.736842105263158,3.92096944151739,-0.0673001391917422,4,"INSUFFICIENT_SAMPLE"
2026,4,"LAR","defense","coverage_allowed_epa_WR","MODELED",0.145989924187311,-0.0452502335822793,0.789473684210526,3.92738407699038,-0.0722419225254106,4,"INSUFFICIENT_SAMPLE"
2026,4,"LV","defense","coverage_allowed_epa_WR","MODELED",0.110969805315574,0.0284898063414499,0.273684210526316,3.92826398852224,0.0477939005816106,4,"INSUFFICIENT_SAMPLE"
2026,4,"MIA","defense","coverage_allowed_epa_WR","MODELED",0.273180815967262,0.0553830272042549,0.157894736842105,3.86478454680535,0.0928472980193994,4,"INSUFFICIENT_SAMPLE"
2026,4,"MIN","defense","coverage_allowed_epa_WR","MODELED",0.0193709000418953,-0.0411853280636374,0.747368421052632,3.64413030116779,-0.0649562371919579,4,"INSUFFICIENT_SAMPLE"
2026,4,"NE","defense","coverage_allowed_epa_WR","MODELED",0.255559257280622,0.0208560310757482,0.336842105263158,3.88847352024922,0.0355835882697325,4,"INSUFFICIENT_SAMPLE"
2026,4,"NO","defense","coverage_allowed_epa_WR","MODELED",0.318207414983925,-0.0264276366597878,0.663157894736842,3.61804922515953,-0.0435614642624147,4,"INSUFFICIENT_SAMPLE"
2026,4,"NYG","defense","coverage_allowed_epa_WR","MODELED",0.096944206385591,0.00816919694498252,0.484210526315789,3.85250162443145,0.0159184147752319,4,"INSUFFICIENT_SAMPLE"
2026,4,"NYJ","defense","coverage_allowed_epa_WR","MODELED",0.264134171717605,0.0673127095848724,0.126315789473684,3.88571428571429,0.110932365393837,4,"INSUFFICIENT_SAMPLE"
2026,4,"PHI","defense","coverage_allowed_epa_WR","MODELED",0.199407440037085,-0.0787311341265945,0.905263157894737,3.67413333333333,-0.126875232862759,4,"INSUFFICIENT_SAMPLE"
2026,4,"PIT","defense","coverage_allowed_epa_WR","MODELED",0.405413849998697,0.0172883700358526,0.378947368421053,3.38941076003416,0.0262271692862381,4,"INSUFFICIENT_SAMPLE"
2026,4,"SEA","defense","coverage_allowed_epa_WR","MODELED",-0.060516460252399,-0.0869965549535037,0.947368421052632,3.58354537743851,-0.14128413538758,4,"INSUFFICIENT_SAMPLE"
2026,4,"SF","defense","coverage_allowed_epa_WR","MODELED",0.218596807133064,0.0237176228575405,0.305263157894737,3.62922966162707,0.0380294233428894,4,"INSUFFICIENT_SAMPLE"
2026,4,"TB","defense","coverage_allowed_epa_WR","MODELED",-0.0536263363144118,-0.0344778454674377,0.726315789473684,3.99524940617577,-0.0527486410715302,4,"INSUFFICIENT_SAMPLE"
2026,4,"TEN","defense","coverage_allowed_epa_WR","MODELED",0.605396117251802,0.0862036320605675,0.0631578947368421,3.7304189435337,0.136621974891018,4,"INSUFFICIENT_SAMPLE"
2026,4,"WAS","defense","coverage_allowed_epa_WR","MODELED",0.21745623043688,0.0694642186099904,0.105263157894737,3.8231780167264,0.115266177851636,4,"INSUFFICIENT_SAMPLE"
2026,4,"ARI","defense","coverage_allowed_epa_TE","MODELED",0.229269984380649,0.0836209749665296,0.0947368421052632,3.22012578616352,0.135661582980589,4,"INSUFFICIENT_SAMPLE"
2026,4,"ATL","defense","coverage_allowed_epa_TE","MODELED",0.154335908390824,0.00404235071214621,0.526315789473684,3.79442508710801,0.00807060298714797,4,"INSUFFICIENT_SAMPLE"
2026,4,"BAL","defense","coverage_allowed_epa_TE","MODELED",0.194278399997058,-0.0278391024968218,0.705263157894737,3.70588235294118,-0.0475348599942042,4,"INSUFFICIENT_SAMPLE"
2026,4,"BUF","defense","coverage_allowed_epa_TE","MODELED",0.200811467375329,-0.0277640516843976,0.694736842105263,3.35059760956175,-0.0455492132865878,4,"INSUFFICIENT_SAMPLE"
2026,4,"CAR","defense","coverage_allowed_epa_TE","MODELED",0.295535131575649,0.152605932262857,0,3.46582278481013,0.249765454094638,4,"INSUFFICIENT_SAMPLE"
2026,4,"CHI","defense","coverage_allowed_epa_TE","MODELED",0.119467091810941,-0.0581807219615424,0.842105263157895,3.45714285714286,-0.0925016022302962,4,"INSUFFICIENT_SAMPLE"
2026,4,"CIN","defense","coverage_allowed_epa_TE","MODELED",0.482131582779954,0.0679298337048049,0.115789473684211,3.46320346320346,0.10853355497344,4,"INSUFFICIENT_SAMPLE"
2026,4,"CLE","defense","coverage_allowed_epa_TE","MODELED",0.0796986685044094,-0.0845533972091325,0.936842105263158,3.35751295336788,-0.135615403973363,4,"INSUFFICIENT_SAMPLE"
2026,4,"DAL","defense","coverage_allowed_epa_TE","MODELED",0.923361322619409,0.0282784608170942,0.284210526315789,3.31034482758621,0.0388900538563277,4,"INSUFFICIENT_SAMPLE"
2026,4,"DEN","defense","coverage_allowed_epa_TE","MODELED",0.481391616115923,-0.0521200066508783,0.821052631578947,2.84334203655352,-0.0867563016546059,4,"INSUFFICIENT_SAMPLE"
2026,4,"DET","defense","coverage_allowed_epa_TE","MODELED",0.335451848031638,-0.114032352775994,0.978947368421053,3.89408099688474,-0.186265591552907,4,"INSUFFICIENT_SAMPLE"
2026,4,"GB","defense","coverage_allowed_epa_TE","MODELED",0.270536111609545,-0.0204316069169352,0.621052631578947,3.64556962025316,-0.0339877057938763,4,"INSUFFICIENT_SAMPLE"
2026,4,"HOU","defense","coverage_allowed_epa_TE","MODELED",0.348003623590697,-0.0826225063467592,0.91578947368421,3.31372549019608,-0.136663549152823,4,"INSUFFICIENT_SAMPLE"
2026,4,"IND","defense","coverage_allowed_epa_TE","MODELED",0.087112647108349,0.0844924566367313,0.0736842105263158,3.63120567375887,0.139953295433722,4,"INSUFFICIENT_SAMPLE"
2026,4,"JAX","defense","coverage_allowed_epa_TE","MODELED",0.440289111798847,0.0231454991312232,0.315789473684211,3.55555555555556,0.0377831928413337,4,"INSUFFICIENT_SAMPLE"
2026,4,"KC","defense","coverage_allowed_epa_TE","MODELED",0.303168329202732,0.00675324504727244,0.505263157894737,2.9971671388102,0.0106991356382304,4,"INSUFFICIENT_SAMPLE"
2026,4,"LAC","defense","coverage_allowed_epa_TE","MODELED",0.0804673227919175,0.0201013158235362,0.347368421052632,2.96491228070175,0.0354536436041002,4,"INSUFFICIENT_SAMPLE"
2026,4,"LAR","defense","coverage_allowed_epa_TE","MODELED",-0.382346691583797,-0.0601440127146305,0.852631578947368,3.03610108303249,-0.0915552885586189,4,"INSUFFICIENT_SAMPLE"
2026,4,"LV","defense","coverage_allowed_epa_TE","MODELED",0.170217862564114,0.0180174411771211,0.357894736842105,3.38345864661654,0.0288728015816412,4,"INSUFFICIENT_SAMPLE"
2026,4,"MIA","defense","coverage_allowed_epa_TE","MODELED",0.82263263126854,0.0299876201948335,0.263157894736842,3.23569023569024,0.0453386261848309,4,"INSUFFICIENT_SAMPLE"
2026,4,"MIN","defense","coverage_allowed_epa_TE","MODELED",0.239011008575326,-0.0519732197676133,0.810526315789474,3.41530054644809,-0.0863626907441271,4,"INSUFFICIENT_SAMPLE"
2026,4,"NE","defense","coverage_allowed_epa_TE","MODELED",-0.294196259218121,-0.0269747759734923,0.673684210526316,3.43809523809524,-0.0378380890129735,4,"INSUFFICIENT_SAMPLE"
2026,4,"NO","defense","coverage_allowed_epa_TE","MODELED",0.567073735848612,0.009032993470692,0.463157894736842,3.38967136150235,0.0121900384152344,4,"INSUFFICIENT_SAMPLE"
2026,4,"NYG","defense","coverage_allowed_epa_TE","MODELED",0.0532177415062306,0.000868283967823688,0.547368421052632,3.35813953488372,0.00290272089842237,4,"INSUFFICIENT_SAMPLE"
2026,4,"NYJ","defense","coverage_allowed_epa_TE","MODELED",-0.0378362104054094,0.0402128549987558,0.2,3.29411764705882,0.0672186782023951,4,"INSUFFICIENT_SAMPLE"
2026,4,"PHI","defense","coverage_allowed_epa_TE","MODELED",0.275200672639893,-0.147244024566314,1,3.64556962025316,-0.244947887659941,4,"INSUFFICIENT_SAMPLE"
2026,4,"PIT","defense","coverage_allowed_epa_TE","MODELED",0.304941765406463,-0.0225597973220646,0.631578947368421,3.25225225225225,-0.0362628457459778,4,"INSUFFICIENT_SAMPLE"
2026,4,"SEA","defense","coverage_allowed_epa_TE","MODELED",-0.00380555453795331,0.0533049408239567,0.168421052631579,3.44897959183673,0.0878456544102452,4,"INSUFFICIENT_SAMPLE"
2026,4,"SF","defense","coverage_allowed_epa_TE","MODELED",-0.0870798821007127,-0.0744334663734935,0.894736842105263,3.0702875399361,-0.117511452121675,4,"INSUFFICIENT_SAMPLE"
2026,4,"TB","defense","coverage_allowed_epa_TE","MODELED",0.567568556024608,0.0599104020296344,0.136842105263158,3.61794019933555,0.0960454683755956,4,"INSUFFICIENT_SAMPLE"
2026,4,"TEN","defense","coverage_allowed_epa_TE","MODELED",-0.0516890527319629,0.050574124848425,0.178947368421053,3.83435582822086,0.0867428911738854,4,"INSUFFICIENT_SAMPLE"
2026,4,"WAS","defense","coverage_allowed_epa_TE","MODELED",0.406527359189344,0.118316819103158,0.0210526315789474,3.34224598930481,0.187385088081841,4,"INSUFFICIENT_SAMPLE"
