"gsis_id","full_name","season","through_week","domain","dimension","trend","evidence_state","confidence","latest","baseline_recent","baseline_season","baseline_prior","delta","n_games_season","opportunity_total"
"00-0026498","Matthew Stafford",2026,1,"PARTICIPATION","snap_share_derived","CONTRACTING","TENTATIVE","MEDIUM",0.85,1.00876667691311,,1.00875539578213,-0.158766676913109,1,51
"00-0030279","Keenan Allen",2026,1,"PARTICIPATION","snap_share_derived","EXPANDING","TENTATIVE","MEDIUM",0.666666666666667,0.55836127420247,,0.557679014237353,0.108305392464197,1,36
"00-0030279","Keenan Allen",2026,1,"RECEIVING","air_yards_share","CONTRACTING","TENTATIVE","LOW",0.109452736318408,0.208246728757192,,0.208134697472633,-0.0987939924387839,1,6
"00-0030506","Travis Kelce",2026,1,"PARTICIPATION","snap_share_derived","CONTRACTING","TENTATIVE","MEDIUM",0.742424242424242,0.873977365140624,,0.873883750857931,-0.131553122716382,1,49
"00-0030565","Geno Smith",2026,1,"PARTICIPATION","snap_share_derived","EXPANDING","TENTATIVE","MEDIUM",1.046875,0.936636379449602,,0.936440126199949,0.110238620550398,1,67
"00-0031381","Davante Adams",2026,1,"PARTICIPATION","snap_share_derived","CONTRACTING","TENTATIVE","MEDIUM",0.55,0.665027573180108,,0.664390033602675,-0.115027573180108,1,33
"00-0031408","Mike Evans",2026,1,"RECEIVING","position_group_target_share","EXPANDING","TENTATIVE","LOW",0.411764705882353,0.314758161031497,,0.300892631116988,0.0970065448508561,1,7
"00-0031484","Chris Manhertz",2026,1,"PARTICIPATION","snap_share_derived","EXPANDING","TENTATIVE","MEDIUM",0.363636363636364,0.25089326893936,,0.250519808247579,0.112743094697003,1,24
"00-0031588","Stefon Diggs",2026,1,"RECEIVING","air_yards_share","EXPANDING","TENTATIVE","LOW",0.261829652996845,0.110652495885453,,0.110495678555168,0.151177157111393,1,9
"00-0031588","Stefon Diggs",2026,1,"RECEIVING","position_group_target_share","EXPANDING","TENTATIVE","LOW",0.45,0.294725825730472,,0.294619023645292,0.155274174269528,1,9
"00-0031588","Stefon Diggs",2026,1,"RECEIVING","target_share","EXPANDING","TENTATIVE","LOW",0.219512195121951,0.13338850252804,,0.133340795473641,0.086123692593911,1,9
"00-0031610","Darren Waller",2026,1,"PARTICIPATION","snap_share_derived","CONTRACTING","TENTATIVE","MEDIUM",0.352941176470588,0.455811937625905,,0.449295485183068,-0.102870761155316,1,24
"00-0032104","Ameer Abdullah",2026,1,"RUSHING","position_group_rush_share","EXPANDING","TENTATIVE","LOW",0.16,0.0383620918357889,,0.0347146919961002,0.121637908164211,1,4
"00-0032104","Ameer Abdullah",2026,1,"RUSHING","rush_share","EXPANDING","TENTATIVE","LOW",0.137931034482759,0.034810560563523,,0.0317106868863422,0.103120473919236,1,4
"00-0032392","Austin Hooper",2026,1,"PARTICIPATION","snap_share_derived","CONTRACTING","TENTATIVE","MEDIUM",0.233333333333333,0.438717207138583,,0.43857539289765,-0.20538387380525,1,14
"00-0032398","Chris Moore",2026,1,"RETURNS","kick_return_opportunity_share","EXPANDING","TENTATIVE","LOW",0.8,0.189357124365201,,0.189347240964068,0.6106428756348,1,4
"00-0032464","Kalif Raymond",2026,1,"PARTICIPATION","snap_share_derived","EXPANDING","TENTATIVE","MEDIUM",0.6,0.24582147039723,,0.245686185856435,0.35417852960277,1,45
"00-0032464","Kalif Raymond",2026,1,"RECEIVING","air_yards_share","EXPANDING","TENTATIVE","LOW",0.203761755485893,0.0467181863751752,,0.0467043672530696,0.157043569110718,1,9
"00-0032464","Kalif Raymond",2026,1,"RECEIVING","position_group_target_share","EXPANDING","TENTATIVE","LOW",0.5,0.101866765664671,,0.101887666308339,0.398133234335329,1,9
"00-0032464","Kalif Raymond",2026,1,"RECEIVING","target_share","EXPANDING","TENTATIVE","LOW",0.225,0.0567513117415381,,0.0567952310956751,0.168248688258462,1,9
"00-0032764","Derrick Henry",2026,1,"HIGH_VALUE","rz_carry_share","EXPANDING","TENTATIVE","LOW",0.857142857142857,0.583746344222343,,0.583113874978365,0.273396512920515,1,6
"00-0032775","Demarcus Robinson",2026,1,"PARTICIPATION","snap_share_derived","EXPANDING","TENTATIVE","MEDIUM",0.630769230769231,0.540722740550279,,0.539602395321866,0.0900464902189517,1,41
"00-0032775","Demarcus Robinson",2026,1,"RECEIVING","air_yards_share","EXPANDING","TENTATIVE","LOW",0.302013422818792,0.134208722628574,,0.133770294070836,0.167804700190218,1,3
"00-0032951","Laquon Treadwell",2026,1,"PARTICIPATION","snap_share_derived","EXPANDING","TENTATIVE","MEDIUM",0.351851851851852,0.0708223352278939,,0.066879926159163,0.281029516623958,1,19
"00-0033077","Dak Prescott",2026,1,"PARTICIPATION","snap_share_derived","EXPANDING","TENTATIVE","MEDIUM",1,0.849427479547763,,0.849419376459451,0.150572520452237,1,58
"00-0033110","Tyler Higbee",2026,1,"PARTICIPATION","snap_share_derived","CONTRACTING","TENTATIVE","MEDIUM",0.2,0.353536921029299,,0.351492981074697,-0.153536921029299,1,12
"00-0033217","Mo Alie-Cox",2026,1,"PARTICIPATION","snap_share_derived","CONTRACTING","TENTATIVE","MEDIUM",0.259259259259259,0.359073103279351,,0.358907458183097,-0.0998138440200921,1,14
"00-0033246","Johnny Mundt",2026,1,"PARTICIPATION","snap_share_derived","EXPANDING","TENTATIVE","MEDIUM",0.377358490566038,0.294093712132266,,0.294363386959376,0.083264778433772,1,20
"00-0033280","Christian McCaffrey",2026,1,"PARTICIPATION","snap_share_derived","CONTRACTING","TENTATIVE","MEDIUM",0.553846153846154,0.764666374740632,,0.764749670292934,-0.210820220894478,1,36
"00-0033280","Christian McCaffrey",2026,1,"RECEIVING","air_yards_share","CONTRACTING","TENTATIVE","LOW",-0.0201342281879195,0.0968383080374841,,0.0969221491489806,-0.116972536225404,1,8
"00-0033280","Christian McCaffrey",2026,1,"RUSHING","position_group_rush_share","CONTRACTING","TENTATIVE","MEDIUM",0.416666666666667,0.753740857137255,,0.753852753744867,-0.337074190470588,1,10
"00-0033280","Christian McCaffrey",2026,1,"RUSHING","rush_share","CONTRACTING","TENTATIVE","MEDIUM",0.357142857142857,0.678366590068935,,0.678494548264504,-0.321223732926078,1,10
"00-0033288","George Kittle",2026,1,"PARTICIPATION","snap_share_derived","CONTRACTING","TENTATIVE","MEDIUM",0.461538461538462,0.679557257206143,,0.678252942780967,-0.218018795667681,1,30
"00-0033288","George Kittle",2026,1,"RECEIVING","air_yards_share","EXPANDING","TENTATIVE","LOW",0.25503355704698,0.173115230526683,,0.173127373229534,0.0819183265202964,1,5
"00-0033293","Aaron Jones",2026,1,"HIGH_VALUE","rz_carry_share","CONTRACTING","TENTATIVE","LOW",0.5,0.684630132346681,,0.686456723185017,-0.184630132346681,1,4
"00-0033293","Aaron Jones",2026,1,"PARTICIPATION","snap_share_derived","CONTRACTING","TENTATIVE","MEDIUM",0.483870967741935,0.602934769811157,,0.601899066312331,-0.119063802069222,1,30
"00-0033293","Aaron Jones",2026,1,"RUSHING","position_group_rush_share","CONTRACTING","TENTATIVE","MEDIUM",0.444444444444444,0.638285185355596,,0.637633137674803,-0.193840740911151,1,12
"00-0033293","Aaron Jones",2026,1,"RUSHING","rush_share","CONTRACTING","TENTATIVE","MEDIUM",0.428571428571429,0.603277572305685,,0.602776351305447,-0.174706143734257,1,12
"00-0033307","Kendrick Bourne",2026,1,"PARTICIPATION","snap_share_derived","EXPANDING","TENTATIVE","MEDIUM",0.694444444444444,0.43121575068431,,0.430933047023319,0.263228693760135,1,50
"00-0033307","Kendrick Bourne",2026,1,"RECEIVING","position_group_target_share","EXPANDING","TENTATIVE","LOW",0.444444444444444,0.126055531089751,,0.125916092001919,0.318388913354693,1,8
"00-0033307","Kendrick Bourne",2026,1,"RECEIVING","target_share","EXPANDING","TENTATIVE","LOW",0.19047619047619,0.041095408800672,,0.0410248291692478,0.149380781675518,1,8
"00-0033526","Samaje Perine",2026,1,"PARTICIPATION","snap_share_derived","CONTRACTING","TENTATIVE","MEDIUM",0.285714285714286,0.396926125515736,,0.397588986147459,-0.111211839801451,1,18
"00-0033526","Samaje Perine",2026,1,"RUSHING","rush_share","CONTRACTING","TENTATIVE","LOW",0.2,0.280285729718413,,0.281488707565031,-0.0802857297184131,1,5
"00-0033537","Deshaun Watson",2026,1,"PARTICIPATION","snap_share_derived","EXPANDING","TENTATIVE","MEDIUM",1,0.792301985327489,,,0.207698014672511,1,51
"00-0033537","Deshaun Watson",2026,1,"RUSHING","rush_share","EXPANDING","TENTATIVE","LOW",0.157894736842105,0.0646833877992675,,,0.0932113490428378,1,3
"00-0033576","Eric Saubert",2026,1,"PARTICIPATION","snap_share_derived","CONTRACTING","TENTATIVE","MEDIUM",0.204081632653061,0.495834472595167,,0.496854871260444,-0.291752839942106,1,10
"00-0033662","Cooper Rush",2026,1,"PARTICIPATION","snap_share_derived","EXPANDING","TENTATIVE","MEDIUM",1,0.695152816834227,,0.610615610360712,0.304847183165773,1,60
"00-0033881","Evan Engram",2026,1,"PARTICIPATION","snap_share_derived","EXPANDING","TENTATIVE","MEDIUM",0.64,0.391167100115538,,0.390474880383117,0.248832899884462,1,32
"00-0033881","Evan Engram",2026,1,"RECEIVING","position_group_target_share","CONTRACTING","TENTATIVE","LOW",0.625,0.784269285935045,,0.784266996214601,-0.159269285935045,1,5
"00-0033885","David Njoku",2026,1,"PARTICIPATION","snap_share_derived","EXPANDING","TENTATIVE","MEDIUM",0.545454545454545,0.443464500257283,,0.437809381139985,0.101990045197262,1,30
"00-0033885","David Njoku",2026,1,"RECEIVING","position_group_target_share","EXPANDING","TENTATIVE","LOW",0.714285714285714,0.210149328352476,,0.200932085455123,0.504136385933239,1,5
"00-0033908","Cooper Kupp",2026,1,"RECEIVING","air_yards_share","EXPANDING","TENTATIVE","LOW",0.318181818181818,0.213379071863371,,0.213382784809401,0.104802746318447,1,3
"00-0033908","Cooper Kupp",2026,1,"RECEIVING","position_group_target_share","CONTRACTING","TENTATIVE","LOW",0.176470588235294,0.329610958797337,,0.329787830468362,-0.153140370562043,1,3
"00-0033908","Cooper Kupp",2026,1,"RECEIVING","target_share","CONTRACTING","TENTATIVE","LOW",0.107142857142857,0.194604594580675,,0.194700957308126,-0.0874617374378177,1,3
"00-0033921","Chris Godwin",2026,1,"PARTICIPATION","snap_share_derived","EXPANDING","TENTATIVE","MEDIUM",0.875,0.737762728263741,,0.73041233376009,0.137237271736259,1,49
"00-0033921","Chris Godwin",2026,1,"RECEIVING","air_yards_share","CONTRACTING","TENTATIVE","LOW",0.020979020979021,0.117572243509462,,0.111924101719857,-0.0965932225304408,1,4
"00-0034348","Courtland Sutton",2026,1,"PARTICIPATION","snap_share_derived","CONTRACTING","TENTATIVE","MEDIUM",0.78,0.874819337751503,,0.874821392013016,-0.0948193377515033,1,39
"00-0034348","Courtland Sutton",2026,1,"RECEIVING","air_yards_share","EXPANDING","TENTATIVE","LOW",0.434782608695652,0.342849919419221,,0.342554272737497,0.0919326892764307,1,5
"00-0034351","Dallas Goedert",2026,1,"PARTICIPATION","snap_share_derived","EXPANDING","TENTATIVE","MEDIUM",0.981132075471698,0.870951874105017,,0.871191232157773,0.110180201366681,1,52
"00-0034383","Dalton Schultz",2026,1,"PARTICIPATION","snap_share_derived","EXPANDING","TENTATIVE","MEDIUM",0.658227848101266,0.568867424672964,,0.568624107672489,0.0893604234283017,1,52
"00-0034613","Tanner Hudson",2026,1,"PARTICIPATION","snap_share_derived","CONTRACTING","TENTATIVE","LOW",0.0952380952380952,0.181138359994785,,0.181395410495595,-0.0859002647566897,1,6
"00-0034753","Mark Andrews",2026,1,"PARTICIPATION","snap_share_derived","EXPANDING","TENTATIVE","MEDIUM",0.765625,0.540261293354768,,0.539867691476421,0.225363706645232,1,49
"00-0034753","Mark Andrews",2026,1,"RECEIVING","position_group_target_share","EXPANDING","TENTATIVE","LOW",0.75,0.612261187752908,,0.612398208218152,0.137738812247092,1,6
"00-0034796","Lamar Jackson",2026,1,"PARTICIPATION","snap_share_derived","EXPANDING","TENTATIVE","MEDIUM",1.0625,0.894645835366615,,0.893639148117877,0.167854164633385,1,68
"00-0034798","Durham Smythe",2026,1,"PARTICIPATION","snap_share_derived","EXPANDING","TENTATIVE","MEDIUM",0.65625,0.258717697629064,,0.258679182966497,0.397532302370936,1,42
"00-0034827","D.J. Moore",2026,1,"RECEIVING","air_yards_share","EXPANDING","TENTATIVE","LOW",0.412532637075718,0.180887975004942,,0.180874106295963,0.231644662070776,1,8
"00-0034827","D.J. Moore",2026,1,"RECEIVING","position_group_target_share","EXPANDING","TENTATIVE","LOW",0.444444444444444,0.318022692080007,,0.317836304151141,0.126421752364437,1,8
"00-0034827","D.J. Moore",2026,1,"RECEIVING","target_share","EXPANDING","TENTATIVE","LOW",0.216216216216216,0.134363157638345,,0.134230922809834,0.081853058577871,1,8
"00-0034829","Mike Gesicki",2026,1,"RECEIVING","air_yards_share","EXPANDING","TENTATIVE","LOW",0.278761061946903,0.122372052420697,,0.121823555956863,0.156389009526205,1,7
"00-0034829","Mike Gesicki",2026,1,"RECEIVING","position_group_target_share","EXPANDING","TENTATIVE","LOW",0.636363636363636,0.426206879310579,,0.424016756114457,0.210156757053057,1,7
"00-0034829","Mike Gesicki",2026,1,"RECEIVING","target_share","EXPANDING","TENTATIVE","LOW",0.184210526315789,0.076762287271595,,0.0761185299275707,0.107448239044194,1,7
"00-0034837","Calvin Ridley",2026,1,"PARTICIPATION","snap_share_derived","EXPANDING","TENTATIVE","MEDIUM",0.64,0.39672075473671,,0.360049163761053,0.24327924526329,1,32
"00-0034857","Josh Allen",2026,1,"PARTICIPATION","snap_share_derived","EXPANDING","TENTATIVE","MEDIUM",1.03571428571429,0.870028623887867,,0.870002377261064,0.165685661826419,1,58
"00-0034869","Sam Darnold",2026,1,"PARTICIPATION","snap_share_derived","CONTRACTING","TENTATIVE","LOW",0.102040816326531,0.987664889226586,,0.987633842208092,-0.885624072900055,1,5
"00-0034960","Jakobi Meyers",2026,1,"PARTICIPATION","snap_share_derived","CONTRACTING","TENTATIVE","MEDIUM",0.685185185185185,0.901524453820083,,0.901456737956553,-0.216339268634897,1,37
"00-0034975","Justice Hill",2026,1,"PARTICIPATION","snap_share_derived","EXPANDING","TENTATIVE","MEDIUM",0.484375,0.304344738407229,,0.302100321521149,0.180030261592771,1,31
"00-0034975","Justice Hill",2026,1,"RUSHING","position_group_rush_share","EXPANDING","TENTATIVE","LOW",0.2,0.0560093495675236,,0.0521915994465443,0.143990650432476,1,6
"00-0034975","Justice Hill",2026,1,"RUSHING","rush_share","EXPANDING","TENTATIVE","LOW",0.1875,0.0466504098848884,,0.0436142340146617,0.140849590115112,1,6
"00-0035228","Kyler Murray",2026,1,"PARTICIPATION","snap_share_derived","CONTRACTING","TENTATIVE","MEDIUM",0.17741935483871,0.980434795062334,,0.984303457421931,-0.803015440223624,1,11
"00-0035249","Josh Oliver",2026,1,"PARTICIPATION","snap_share_derived","EXPANDING","TENTATIVE","MEDIUM",0.67741935483871,0.592931558677087,,0.593751561299387,0.0844877961616228,1,42
"00-0035250","Devin Singletary",2026,1,"RUSHING","position_group_rush_share","CONTRACTING","TENTATIVE","LOW",0.230769230769231,0.363921083563471,,0.364080182344379,-0.13315185279424,1,6
"00-0035250","Devin Singletary",2026,1,"RUSHING","rush_share","CONTRACTING","TENTATIVE","LOW",0.181818181818182,0.32247732167899,,0.322624289138515,-0.140659139860808,1,6
"00-0035544","Tom Kennedy",2026,1,"RETURNS","punt_return_opportunity_share","EXPANDING","TENTATIVE","LOW",1,0.213401372634441,,0.202030508910442,0.786598627365559,1,4
"00-0035640","DK Metcalf",2026,1,"PARTICIPATION","snap_share_derived","EXPANDING","TENTATIVE","MEDIUM",0.984615384615385,0.855184558039162,,0.855063215075794,0.129430826576223,1,64
"00-0035640","DK Metcalf",2026,1,"RECEIVING","air_yards_share","EXPANDING","TENTATIVE","MEDIUM",0.501228501228501,0.337603432614381,,0.337356136473483,0.16362506861412,1,10
"00-0035644","Noah Fant",2026,1,"PARTICIPATION","snap_share_derived","EXPANDING","TENTATIVE","MEDIUM",0.415730337078652,0.297363866445169,,0.295511978253557,0.118366470633483,1,37
"00-0035644","Noah Fant",2026,1,"RECEIVING","air_yards_share","EXPANDING","TENTATIVE","LOW",0.0995850622406639,0.00932990499572951,,0.00874907553356724,0.0902551572449344,1,8
"00-0035644","Noah Fant",2026,1,"RECEIVING","position_group_target_share","EXPANDING","TENTATIVE","LOW",0.533333333333333,0.195081775683284,,0.192501900322606,0.33825155765005,1,8
"00-0035644","Noah Fant",2026,1,"RECEIVING","target_share","EXPANDING","TENTATIVE","LOW",0.121212121212121,0.0331404376705136,,0.0324507577352523,0.0880716835416076,1,8
"00-0035659","Terry McLaurin",2026,1,"PARTICIPATION","snap_share_derived","EXPANDING","TENTATIVE","MEDIUM",0.871428571428571,0.759357427727645,,0.755511397086182,0.112071143700926,1,61
"00-0035659","Terry McLaurin",2026,1,"RECEIVING","air_yards_share","CONTRACTING","TENTATIVE","LOW",0.0694006309148265,0.374895192846276,,0.377713528605271,-0.30549456193145,1,4
"00-0035659","Terry McLaurin",2026,1,"RECEIVING","position_group_target_share","CONTRACTING","TENTATIVE","LOW",0.2,0.365668611332721,,0.365024096703593,-0.165668611332721,1,4
"00-0035676","A.J. Brown",2026,1,"PARTICIPATION","snap_share_derived","CONTRACTING","TENTATIVE","MEDIUM",0.436619718309859,0.92574150500962,,0.925704469952225,-0.489121786699761,1,31
"00-0035676","A.J. Brown",2026,1,"RECEIVING","air_yards_share","CONTRACTING","TENTATIVE","LOW",0.085972850678733,0.39162906294515,,0.391237324964516,-0.305656212266417,1,4
"00-0035676","A.J. Brown",2026,1,"RECEIVING","position_group_target_share","CONTRACTING","TENTATIVE","LOW",0.210526315789474,0.437548484092428,,0.437321419872025,-0.227022168302954,1,4
"00-0035676","A.J. Brown",2026,1,"RECEIVING","target_share","CONTRACTING","TENTATIVE","LOW",0.0909090909090909,0.222327474123129,,0.222404329422884,-0.131418383214038,1,4
"00-0035685","David Montgomery",2026,1,"HIGH_VALUE","rz_carry_share","EXPANDING","TENTATIVE","LOW",1,0.50813583687137,,0.50855940119376,0.49186416312863,1,5
"00-0035685","David Montgomery",2026,1,"PARTICIPATION","snap_share_derived","EXPANDING","TENTATIVE","MEDIUM",0.493670886075949,0.34390878466286,,0.343860031488561,0.149762101413089,1,39
"00-0035685","David Montgomery",2026,1,"RUSHING","position_group_rush_share","EXPANDING","TENTATIVE","MEDIUM",0.689655172413793,0.338592061155612,,0.338363180256297,0.351063111258181,1,20
"00-0035685","David Montgomery",2026,1,"RUSHING","rush_share","EXPANDING","TENTATIVE","MEDIUM",0.645161290322581,0.318534486189096,,0.318349266478313,0.326626804133484,1,20
"00-0035689","Dawson Knox",2026,1,"PARTICIPATION","snap_share_derived","EXPANDING","TENTATIVE","MEDIUM",0.696428571428571,0.534495404193307,,0.534392227291372,0.161933167235265,1,39
"00-0035704","Drew Lock",2026,1,"PARTICIPATION","snap_share_derived","EXPANDING","TENTATIVE","MEDIUM",0.918367346938776,0.210341775948007,,0.112830512173755,0.708025570990769,1,45
"00-0035710","Daniel Jones",2026,1,"PARTICIPATION","snap_share_derived","EXPANDING","TENTATIVE","MEDIUM",1,0.774013593991615,,0.77163906184065,0.225986406008385,1,54
"00-0035719","Deebo Samuel",2026,1,"HIGH_VALUE","rz_target_share","EXPANDING","TENTATIVE","LOW",0.375,0.0757512800825996,,0.0755272268352149,0.2992487199174,1,3
"00-0035719","Deebo Samuel",2026,1,"PARTICIPATION","snap_share_derived","CONTRACTING","TENTATIVE","MEDIUM",0.415384615384615,0.743426266705676,,0.743198473619639,-0.328041651321061,1,27
"00-0036040","Juwan Johnson",2026,1,"HIGH_VALUE","rz_target_share","EXPANDING","TENTATIVE","LOW",0.3,0.0379249300208313,,0.0374163008102077,0.262075069979169,1,3
"00-0036040","Juwan Johnson",2026,1,"PARTICIPATION","snap_share_derived","EXPANDING","TENTATIVE","MEDIUM",0.853932584269663,0.700702673543761,,0.700594845521421,0.153229910725902,1,76
"00-0036040","Juwan Johnson",2026,1,"RECEIVING","position_group_target_share","CONTRACTING","TENTATIVE","LOW",0.466666666666667,0.810061204814153,,0.810894547119661,-0.343394538147486,1,7
"00-0036139","Rico Dowdle",2026,1,"RUSHING","position_group_rush_share","CONTRACTING","TENTATIVE","LOW",0.444444444444444,0.533594861250287,,0.533073874892622,-0.0891504168058429,1,8
"00-0036158","J.K. Dobbins",2026,1,"RUSHING","rush_share","CONTRACTING","TENTATIVE","LOW",0.533333333333333,0.642339477288933,,0.646285109485169,-0.109006143955599,1,8
"00-0036223","Jonathan Taylor",2026,1,"HIGH_VALUE","rz_carry_share","EXPANDING","TENTATIVE","LOW",1,0.708462122574018,,0.7080210058413,0.291537877425982,1,5
"00-0036223","Jonathan Taylor",2026,1,"PARTICIPATION","snap_share_derived","EXPANDING","TENTATIVE","MEDIUM",0.888888888888889,0.768605354381633,,0.768534657689044,0.120283534507255,1,48
"00-0036223","Jonathan Taylor",2026,1,"RUSHING","position_group_rush_share","EXPANDING","TENTATIVE","MEDIUM",1,0.828407862055707,,0.82809509170599,0.171592137944293,1,19
"00-0036223","Jonathan Taylor",2026,1,"RUSHING","rush_share","EXPANDING","TENTATIVE","MEDIUM",1,0.771899195686673,,0.771708748236246,0.228100804313327,1,19
"00-0036252","Michael Pittman",2026,1,"RECEIVING","air_yards_share","CONTRACTING","TENTATIVE","LOW",0.0810810810810811,0.168755993980208,,0.168490649771713,-0.0876749128991273,1,3
"00-0036252","Michael Pittman",2026,1,"RECEIVING","position_group_target_share","CONTRACTING","TENTATIVE","LOW",0.157894736842105,0.29592860417699,,0.295708578526078,-0.138033867334885,1,3
"00-0036259","Jauan Jennings",2026,1,"PARTICIPATION","snap_share_derived","CONTRACTING","TENTATIVE","MEDIUM",0.5,0.873282944112392,,0.873644503946868,-0.373282944112392,1,31
"00-0036264","Jordan Love",2026,1,"PARTICIPATION","snap_share_derived","EXPANDING","TENTATIVE","MEDIUM",1,0.869406529684618,,0.869444889595176,0.130593470315382,1,68
"00-0036265","AJ Dillon",2026,1,"RUSHING","position_group_rush_share","EXPANDING","TENTATIVE","LOW",0.263157894736842,0.1143671501149,,0.0805009002782085,0.148790744621942,1,5
"00-0036265","AJ Dillon",2026,1,"RUSHING","rush_share","EXPANDING","TENTATIVE","LOW",0.227272727272727,0.0964415815772936,,0.0673309439480519,0.130831145695434,1,5
"00-0036275","D'Andre Swift",2026,1,"HIGH_VALUE","rz_carry_share","EXPANDING","TENTATIVE","LOW",0.6,0.514345320062986,,0.513731125313065,0.0856546799370139,1,6
"00-0036290","Cole Kmet",2026,1,"PARTICIPATION","snap_share_derived","CONTRACTING","TENTATIVE","MEDIUM",0.573333333333333,0.713198929416579,,0.712735150674435,-0.139865596083246,1,43
"00-0036290","Cole Kmet",2026,1,"RECEIVING","air_yards_share","EXPANDING","TENTATIVE","LOW",0.147335423197492,0.0499889269638638,,0.0500289649468735,0.0973464962336284,1,3
"00-0036290","Cole Kmet",2026,1,"RECEIVING","position_group_target_share","EXPANDING","TENTATIVE","LOW",0.6,0.231391764475937,,0.230433990220246,0.368608235524063,1,3
"00-0036309","Darnell Mooney",2026,1,"PARTICIPATION","snap_share_derived","CONTRACTING","TENTATIVE","MEDIUM",0.590909090909091,0.811738071339331,,0.811093621474681,-0.22082898043024,1,39
"00-0036322","Justin Jefferson",2026,1,"HIGH_VALUE","rz_target_share","EXPANDING","TENTATIVE","LOW",0.428571428571429,0.326515044962814,,0.325873167837118,0.102056383608615,1,3
"00-0036322","Justin Jefferson",2026,1,"RECEIVING","air_yards_share","EXPANDING","TENTATIVE","MEDIUM",0.454545454545455,0.351847104394855,,0.351928380735193,0.1026983501506,1,10
"00-0036322","Justin Jefferson",2026,1,"RECEIVING","position_group_target_share","EXPANDING","TENTATIVE","MEDIUM",0.769230769230769,0.580226519582691,,0.580603581534476,0.189004249648078,1,10
"00-0036331","Devin Duvernay",2026,1,"RETURNS","kick_return_opportunity_share","EXPANDING","TENTATIVE","LOW",1,0.71783440253788,,0.717772774216072,0.282165597462121,1,3
"00-0036358","CeeDee Lamb",2026,1,"PARTICIPATION","snap_share_derived","EXPANDING","TENTATIVE","MEDIUM",0.810344827586207,0.706506645710416,,0.70617376373525,0.103838181875791,1,47
"00-0036358","CeeDee Lamb",2026,1,"RECEIVING","position_group_target_share","EXPANDING","TENTATIVE","LOW",0.4,0.276349917361955,,0.274950570818791,0.123650082638045,1,8
"00-0036407","Jerry Jeudy",2026,1,"PARTICIPATION","snap_share_derived","CONTRACTING","TENTATIVE","MEDIUM",0.627450980392157,0.87227956668759,,0.872086453527717,-0.244828586295433,1,32
"00-0036407","Jerry Jeudy",2026,1,"RECEIVING","air_yards_share","CONTRACTING","TENTATIVE","LOW",0.175438596491228,0.3941463894296,,0.394267497220685,-0.218707792938372,1,4
"00-0036407","Jerry Jeudy",2026,1,"RECEIVING","position_group_target_share","CONTRACTING","TENTATIVE","LOW",0.307692307692308,0.494714502183453,,0.494617387469857,-0.187022194491146,1,4
"00-0036410","Tee Higgins",2026,1,"RECEIVING","air_yards_share","EXPANDING","TENTATIVE","LOW",0.517699115044248,0.385066460008799,,0.385514320884093,0.132632655035449,1,6
"00-0036410","Tee Higgins",2026,1,"RECEIVING","position_group_target_share","EXPANDING","TENTATIVE","LOW",0.428571428571429,0.323902117056506,,0.323780327175331,0.104669311514922,1,6
"00-0036422","Adam Trautman",2026,1,"PARTICIPATION","snap_share_derived","CONTRACTING","TENTATIVE","MEDIUM",0.38,0.594423993257359,,0.594641325939318,-0.214423993257359,1,19
"00-0036422","Adam Trautman",2026,1,"RECEIVING","position_group_target_share","EXPANDING","TENTATIVE","LOW",0.375,0.167882966289216,,0.167611129507871,0.207117033710784,1,3
"00-0036429","Charlie Woerner",2026,1,"PARTICIPATION","snap_share_derived","EXPANDING","TENTATIVE","MEDIUM",0.616666666666667,0.49079134863141,,0.490662140207626,0.125875318035256,1,37
"00-0036442","Joe Burrow",2026,1,"PARTICIPATION","snap_share_derived","EXPANDING","TENTATIVE","MEDIUM",1.01587301587302,0.930948625785446,,0.925637838882479,0.0849243900875694,1,64
"00-0036442","Joe Burrow",2026,1,"RUSHING","rush_share","EXPANDING","TENTATIVE","LOW",0.12,0.0282274011239935,,0.0293576964910056,0.0917725988760065,1,3
"00-0036463","Chris Blair",2026,1,"PARTICIPATION","snap_share_derived","EXPANDING","TENTATIVE","MEDIUM",0.166666666666667,0.0612359253651294,,0.0482948741246965,0.105430741301537,1,10
"00-0036550","Rashod Bateman",2026,1,"PARTICIPATION","snap_share_derived","EXPANDING","TENTATIVE","MEDIUM",0.828125,0.681571854172624,,0.682234576742141,0.146553145827376,1,53
"00-0036554","Nico Collins",2026,1,"RECEIVING","position_group_target_share","EXPANDING","TENTATIVE","MEDIUM",0.476190476190476,0.347892002843269,,0.347744475870266,0.128298473347207,1,10
"00-0036555","Chuba Hubbard",2026,1,"PARTICIPATION","snap_share_derived","EXPANDING","TENTATIVE","MEDIUM",0.705882352941177,0.487589799611844,,0.486061504446679,0.218292553329333,1,48
"00-0036590","Quintin Morris",2026,1,"PARTICIPATION","snap_share_derived","EXPANDING","TENTATIVE","MEDIUM",0.444444444444444,0.249459290504581,,0.249872661353537,0.194985153939863,1,24
"00-0036613","Jaylen Waddle",2026,1,"PARTICIPATION","snap_share_derived","EXPANDING","TENTATIVE","MEDIUM",0.76,0.648029196198601,,0.647572729060432,0.111970803801399,1,38
"00-0036613","Jaylen Waddle",2026,1,"RECEIVING","air_yards_share","CONTRACTING","TENTATIVE","LOW",0.141304347826087,0.360969461066321,,0.361183147659033,-0.219665113240234,1,3
"00-0036613","Jaylen Waddle",2026,1,"RECEIVING","position_group_target_share","CONTRACTING","TENTATIVE","LOW",0.2,0.458897356554202,,0.459425264333063,-0.258897356554202,1,3
"00-0036613","Jaylen Waddle",2026,1,"RECEIVING","target_share","CONTRACTING","TENTATIVE","LOW",0.0857142857142857,0.176850639516268,,0.176973674223228,-0.0911363538019818,1,3
"00-0036626","Dyami Brown",2026,1,"PARTICIPATION","snap_share_derived","EXPANDING","TENTATIVE","MEDIUM",0.528571428571429,0.162429063050772,,0.158352018490429,0.366142365520656,1,37
"00-0036628","John Bates",2026,1,"RECEIVING","position_group_target_share","EXPANDING","TENTATIVE","LOW",0.571428571428571,0.276065446321522,,0.276604195507651,0.29536312510705,1,4
"00-0036630","Tylan Wallace",2026,1,"PARTICIPATION","snap_share_derived","EXPANDING","TENTATIVE","MEDIUM",0.294117647058824,0.142385267841051,,0.139716730211391,0.151732379217772,1,15
"00-0036754","Brock Wright",2026,1,"PARTICIPATION","snap_share_derived","CONTRACTING","TENTATIVE","MEDIUM",0.506493506493506,0.685576460895667,,0.691767193582743,-0.17908295440216,1,39
"00-0036875","Rhamondre Stevenson",2026,1,"PARTICIPATION","snap_share_derived","EXPANDING","TENTATIVE","MEDIUM",0.845070422535211,0.700453543149149,,0.700742528870548,0.144616879386063,1,60
"00-0036875","Rhamondre Stevenson",2026,1,"RUSHING","position_group_rush_share","EXPANDING","TENTATIVE","MEDIUM",0.75,0.574426548627567,,0.574592045539618,0.175573451372433,1,18
"00-0036875","Rhamondre Stevenson",2026,1,"RUSHING","rush_share","EXPANDING","TENTATIVE","MEDIUM",0.666666666666667,0.531806641057677,,0.532008434733788,0.13486002560899,1,18
"00-0036887","Luke Farrell",2026,1,"PARTICIPATION","snap_share_derived","EXPANDING","TENTATIVE","MEDIUM",0.707692307692308,0.381095966966086,,0.381030069619322,0.326596340726221,1,46
"00-0036894","Pat Freiermuth",2026,1,"PARTICIPATION","snap_share_derived","EXPANDING","TENTATIVE","MEDIUM",0.753846153846154,0.613801707050701,,0.613692378085377,0.140044446795452,1,49
"00-0036894","Pat Freiermuth",2026,1,"RECEIVING","air_yards_share","CONTRACTING","TENTATIVE","LOW",0.0515970515970516,0.165375834286373,,0.165379816159738,-0.113778782689321,1,5
"00-0036894","Pat Freiermuth",2026,1,"RECEIVING","position_group_target_share","EXPANDING","TENTATIVE","LOW",0.714285714285714,0.476135002985443,,0.475669536719677,0.238150711300271,1,5
"00-0036900","Ja'Marr Chase",2026,1,"RECEIVING","air_yards_share","CONTRACTING","TENTATIVE","LOW",0.150442477876106,0.364578172080352,,0.364554031021574,-0.214135694204246,1,4
"00-0036900","Ja'Marr Chase",2026,1,"RECEIVING","position_group_target_share","CONTRACTING","TENTATIVE","LOW",0.285714285714286,0.527984241692954,,0.528016610174026,-0.242269955978668,1,4
"00-0036900","Ja'Marr Chase",2026,1,"RECEIVING","target_share","CONTRACTING","TENTATIVE","LOW",0.105263157894737,0.254876930154689,,0.254889919623924,-0.149613772259952,1,4
"00-0036912","DeVonta Smith",2026,1,"PARTICIPATION","snap_share_derived","EXPANDING","TENTATIVE","MEDIUM",0.981132075471698,0.725268156515244,,0.725006190629331,0.255863918956454,1,52
"00-0036912","DeVonta Smith",2026,1,"RECEIVING","air_yards_share","EXPANDING","TENTATIVE","LOW",0.351111111111111,0.224596922468476,,0.224568082004561,0.126514188642635,1,6
"00-0036919","Kenneth Gainwell",2026,1,"PARTICIPATION","snap_share_derived","CONTRACTING","TENTATIVE","MEDIUM",0.464285714285714,0.584073169049439,,0.584812837571269,-0.119787454763724,1,26
"00-0036963","Amon-Ra St. Brown",2026,1,"HIGH_VALUE","rz_target_share","EXPANDING","TENTATIVE","LOW",0.5,0.314145549122083,,0.314336946622468,0.185854450877917,1,4
"00-0036963","Amon-Ra St. Brown",2026,1,"RECEIVING","position_group_target_share","EXPANDING","TENTATIVE","MEDIUM",0.583333333333333,0.500428005105598,,0.50055007822925,0.0829053282277358,1,14
"00-0036970","Kyle Pitts",2026,1,"PARTICIPATION","snap_share_derived","CONTRACTING","TENTATIVE","MEDIUM",0.633333333333333,0.935289568541504,,0.936508925253512,-0.301956235208171,1,38
"00-0036973","Travis Etienne",2026,1,"RUSHING","position_group_rush_share","CONTRACTING","TENTATIVE","LOW",0.45,0.732788553460096,,0.733252622118967,-0.282788553460096,1,9
"00-0036973","Travis Etienne",2026,1,"RUSHING","rush_share","CONTRACTING","TENTATIVE","LOW",0.391304347826087,0.603655282266278,,0.603953393367075,-0.212350934440191,1,9
"00-0036988","Joshua Palmer",2026,1,"PARTICIPATION","snap_share_derived","CONTRACTING","TENTATIVE","MEDIUM",0.321428571428571,0.616682752480641,,0.61668112792259,-0.295254181052069,1,18
"00-0036997","Javonte Williams",2026,1,"HIGH_VALUE","rz_carry_share","EXPANDING","TENTATIVE","LOW",0.75,0.664557366259579,,0.66651937065133,0.0854426337404215,1,3
"00-0036997","Javonte Williams",2026,1,"PARTICIPATION","snap_share_derived","EXPANDING","TENTATIVE","MEDIUM",0.706896551724138,0.521902575145795,,0.521930390812793,0.184993976578343,1,41
"00-0036997","Javonte Williams",2026,1,"RUSHING","position_group_rush_share","EXPANDING","TENTATIVE","MEDIUM",0.8,0.574638547987722,,0.57560617611301,0.225361452012278,1,12
"00-0036997","Javonte Williams",2026,1,"RUSHING","rush_share","EXPANDING","TENTATIVE","MEDIUM",0.705882352941177,0.518681981532753,,0.519654391605115,0.187200371408423,1,12
"00-0037004","Hunter Long",2026,1,"PARTICIPATION","snap_share_derived","CONTRACTING","TENTATIVE","MEDIUM",0.361111111111111,0.490853361935994,,0.502733201874276,-0.129742250824883,1,26
"00-0037005","Tommy Tremble",2026,1,"PARTICIPATION","snap_share_derived","CONTRACTING","TENTATIVE","MEDIUM",0.558823529411765,0.737230117541082,,0.737401281735163,-0.178406588129317,1,38
"00-0037005","Tommy Tremble",2026,1,"RECEIVING","position_group_target_share","EXPANDING","TENTATIVE","LOW",0.555555555555556,0.47431933925302,,0.47434554134007,0.0812362163025353,1,5
"00-0037091","Bo Melton",2026,1,"PARTICIPATION","snap_share_derived","CONTRACTING","TENTATIVE","LOW",0.117647058823529,0.203593545560359,,0.203069681715299,-0.0859464867368296,1,8
"00-0037091","Bo Melton",2026,1,"RETURNS","kick_return_opportunity_share","EXPANDING","TENTATIVE","LOW",0.666666666666667,0.262430839395454,,0.263252913997934,0.404235827271213,1,4
"00-0037112","Jake Tonges",2026,1,"PARTICIPATION","snap_share_derived","CONTRACTING","TENTATIVE","LOW",0.123076923076923,0.409111966764604,,0.409658896766933,-0.286035043687681,1,8
"00-0037129","Josh Blackwell",2026,1,"RETURNS","kick_return_opportunity_share","EXPANDING","TENTATIVE","LOW",1,0.276080307792275,,0.276836539274885,0.723919692207725,1,4
"00-0037157","Bam Knight",2026,1,"PARTICIPATION","snap_share_derived","CONTRACTING","TENTATIVE","LOW",0.0416666666666667,0.318834113677185,,0.320576820305839,-0.277167447010518,1,3
"00-0037228","Jaylen Warren",2026,1,"RUSHING","position_group_rush_share","CONTRACTING","TENTATIVE","MEDIUM",0.555555555555556,0.644652765315235,,0.645503263665839,-0.0890972097596798,1,10
"00-0037231","Kevin Austin",2026,1,"PARTICIPATION","snap_share_derived","CONTRACTING","TENTATIVE","LOW",0.0561797752808989,0.683081014399228,,0.683503300254497,-0.626901239118329,1,5
"00-0037238","Drake London",2026,1,"RECEIVING","air_yards_share","CONTRACTING","TENTATIVE","LOW",0.285714285714286,0.407959306829893,,0.407371945900159,-0.122245021115608,1,4
"00-0037240","Jameson Williams",2026,1,"RECEIVING","air_yards_share","EXPANDING","TENTATIVE","LOW",0.613526570048309,0.273394061363794,,0.273276989394204,0.340132508684515,1,9
"00-0037240","Jameson Williams",2026,1,"RECEIVING","position_group_target_share","EXPANDING","TENTATIVE","LOW",0.375,0.288222019815068,,0.288126030927228,0.0867779801849319,1,9
"00-0037247","George Pickens",2026,1,"PARTICIPATION","snap_share_derived","EXPANDING","TENTATIVE","MEDIUM",0.844827586206897,0.736165112814404,,0.735798989855455,0.108662473392492,1,49
"00-0037247","George Pickens",2026,1,"RECEIVING","air_yards_share","EXPANDING","TENTATIVE","LOW",0.336569579288026,0.200920198663872,,0.200469564454919,0.135649380624154,1,6
"00-0037248","James Cook",2026,1,"PARTICIPATION","snap_share_derived","EXPANDING","TENTATIVE","MEDIUM",0.75,0.535321502771907,,0.535443534988213,0.214678497228093,1,42
"00-0037252","Greg Dulcich",2026,1,"PARTICIPATION","snap_share_derived","EXPANDING","TENTATIVE","MEDIUM",0.781818181818182,0.421811029788742,,0.429984149550079,0.36000715202944,1,43
"00-0037261","Khalil Shakir",2026,1,"HIGH_VALUE","rz_target_share","EXPANDING","TENTATIVE","LOW",0.5,0.306395959637283,,0.307144519005968,0.193604040362717,1,3
"00-0037261","Khalil Shakir",2026,1,"PARTICIPATION","snap_share_derived","CONTRACTING","TENTATIVE","MEDIUM",0.553571428571429,0.659272675559418,,0.659218322230108,-0.105701246987989,1,31
"00-0037261","Khalil Shakir",2026,1,"RECEIVING","position_group_target_share","CONTRACTING","TENTATIVE","LOW",0.333333333333333,0.443092166310687,,0.443178411578811,-0.109758832977353,1,6
"00-0037263","Tyler Allgeier",2026,1,"HIGH_VALUE","rz_carry_share","EXPANDING","TENTATIVE","LOW",0.5,0.224814156318547,,0.2252734776639,0.275185843681453,1,3
"00-0037263","Tyler Allgeier",2026,1,"PARTICIPATION","snap_share_derived","EXPANDING","TENTATIVE","MEDIUM",0.611111111111111,0.34696472128015,,0.34733879931027,0.264146389830961,1,44
"00-0037263","Tyler Allgeier",2026,1,"RUSHING","position_group_rush_share","EXPANDING","TENTATIVE","MEDIUM",0.607142857142857,0.317673227065076,,0.317857945815707,0.289469630077781,1,17
"00-0037263","Tyler Allgeier",2026,1,"RUSHING","rush_share","EXPANDING","TENTATIVE","MEDIUM",0.566666666666667,0.299088345939993,,0.299262237776408,0.267578320726673,1,17
"00-0037291","Jalen Nailor",2026,1,"RECEIVING","air_yards_share","EXPANDING","TENTATIVE","LOW",0.283185840707965,0.153238949362959,,0.153275884393843,0.129946891345006,1,5
"00-0037291","Jalen Nailor",2026,1,"RECEIVING","position_group_target_share","EXPANDING","TENTATIVE","LOW",0.3125,0.17120412090284,,0.171234046550598,0.14129587909716,1,5
"00-0037304","Connor Heyward",2026,1,"PARTICIPATION","snap_share_derived","EXPANDING","TENTATIVE","MEDIUM",0.492307692307692,0.0875374050797125,,0.087430744916075,0.40477028722798,1,32
"00-0037525","Jordan Mason",2026,1,"HIGH_VALUE","rz_carry_share","EXPANDING","TENTATIVE","LOW",0.5,0.337394456102159,,0.337951757863709,0.162605543897841,1,4
"00-0037525","Jordan Mason",2026,1,"PARTICIPATION","snap_share_derived","EXPANDING","TENTATIVE","MEDIUM",0.467741935483871,0.303224203591694,,0.303138202827404,0.164517731892177,1,29
"00-0037525","Jordan Mason",2026,1,"RUSHING","position_group_rush_share","EXPANDING","TENTATIVE","MEDIUM",0.555555555555556,0.374355499068718,,0.374421566395229,0.181200056486837,1,15
"00-0037525","Jordan Mason",2026,1,"RUSHING","rush_share","EXPANDING","TENTATIVE","MEDIUM",0.535714285714286,0.341649006964,,0.341737985553123,0.194065278750285,1,15
"00-0037545","Rashid Shaheed",2026,1,"PARTICIPATION","snap_share_derived","EXPANDING","TENTATIVE","MEDIUM",0.673469387755102,0.513902172655867,,0.513722324060639,0.159567215099235,1,33
"00-0037545","Rashid Shaheed",2026,1,"RECEIVING","air_yards_share","CONTRACTING","TENTATIVE","LOW",0.123376623376623,0.254542193596274,,0.254394072556695,-0.13116557021965,1,3
"00-0037545","Rashid Shaheed",2026,1,"RETURNS","kick_return_opportunity_share","EXPANDING","TENTATIVE","LOW",1,0.888263403402822,,0.888632857129612,0.111736596597178,1,3
"00-0037557","Ronnie Rivers",2026,1,"PARTICIPATION","snap_share_derived","EXPANDING","TENTATIVE","LOW",0.133333333333333,0.0477423297231721,,0.0469786789178612,0.0855910036101612,1,8
"00-0037557","Ronnie Rivers",2026,1,"RUSHING","position_group_rush_share","EXPANDING","TENTATIVE","LOW",0.192307692307692,0.0111147495709106,,0.0100153734061628,0.181192942736782,1,5
"00-0037557","Ronnie Rivers",2026,1,"RUSHING","rush_share","EXPANDING","TENTATIVE","LOW",0.185185185185185,0.0105018230656009,,0.00965361884799484,0.174683362119584,1,5
"00-0037664","Alec Pierce",2026,1,"PARTICIPATION","snap_share_derived","CONTRACTING","TENTATIVE","MEDIUM",0.592592592592593,0.85416174813324,,0.854565800908433,-0.261569155540648,1,32
"00-0037664","Alec Pierce",2026,1,"RECEIVING","air_yards_share","EXPANDING","TENTATIVE","LOW",0.512437810945274,0.344049591511566,,0.344426511951894,0.168388219433707,1,6
"00-0037740","Garrett Wilson",2026,1,"RECEIVING","air_yards_share","CONTRACTING","TENTATIVE","LOW",0.458333333333333,0.670166354293696,,0.710188272525106,-0.211833020960362,1,7
"00-0037741","Jahan Dotson",2026,1,"RECEIVING","air_yards_share","EXPANDING","TENTATIVE","LOW",0.675324675324675,0.139375583387809,,0.13946686960982,0.535949091936867,1,3
"00-0037741","Jahan Dotson",2026,1,"RECEIVING","position_group_target_share","EXPANDING","TENTATIVE","LOW",0.375,0.136180967934313,,0.136191124039373,0.238819032065687,1,3
"00-0037744","Trey McBride",2026,1,"HIGH_VALUE","rz_target_share","EXPANDING","TENTATIVE","LOW",0.5,0.318224525259278,,0.318491432653724,0.181775474740722,1,4
"00-0037744","Trey McBride",2026,1,"PARTICIPATION","snap_share_derived","CONTRACTING","TENTATIVE","MEDIUM",0.833333333333333,0.936780308633521,,0.936848670157404,-0.103446975300188,1,60
"00-0037744","Trey McBride",2026,1,"RECEIVING","air_yards_share","EXPANDING","TENTATIVE","MEDIUM",0.314487632508834,0.223137583791773,,0.223000806665105,0.0913500487170611,1,13
"00-0037744","Trey McBride",2026,1,"RECEIVING","position_group_target_share","EXPANDING","TENTATIVE","MEDIUM",1,0.727837653424502,,0.727448273882884,0.272162346575498,1,13
"00-0037744","Trey McBride",2026,1,"RECEIVING","target_share","EXPANDING","TENTATIVE","MEDIUM",0.30952380952381,0.22944160782682,,0.229406223533164,0.0800822016969895,1,13
"00-0037746","Brian Robinson",2026,1,"RUSHING","position_group_rush_share","EXPANDING","TENTATIVE","LOW",0.3,0.14878346285004,,0.148164528426489,0.15121653714996,1,9
"00-0037746","Brian Robinson",2026,1,"RUSHING","rush_share","EXPANDING","TENTATIVE","LOW",0.28125,0.140720923205535,,0.140285349203033,0.140529076794465,1,9
"00-0037801","KaVontae Turpin",2026,1,"PARTICIPATION","snap_share_derived","CONTRACTING","TENTATIVE","LOW",0.137931034482759,0.258644306005302,,0.257902522062286,-0.120713271522543,1,8
"00-0037805","Jeremy Ruckert",2026,1,"PARTICIPATION","snap_share_derived","CONTRACTING","TENTATIVE","MEDIUM",0.453125,0.590095155566863,,0.590621465372193,-0.136970155566863,1,29
"00-0037809","Chigoziem Okonkwo",2026,1,"RECEIVING","position_group_target_share","CONTRACTING","TENTATIVE","LOW",0.428571428571429,0.60692925125158,,0.607242726660812,-0.178357822680151,1,3
"00-0037816","Romeo Doubs",2026,1,"PARTICIPATION","snap_share_derived","CONTRACTING","TENTATIVE","MEDIUM",0.563380281690141,0.71538516976674,,0.715406756703717,-0.1520048880766,1,40
"00-0037816","Romeo Doubs",2026,1,"RECEIVING","air_yards_share","EXPANDING","TENTATIVE","LOW",0.339366515837104,0.224897329273584,,0.22493935344686,0.11446918656352,1,3
"00-0037816","Romeo Doubs",2026,1,"RECEIVING","position_group_target_share","CONTRACTING","TENTATIVE","LOW",0.157894736842105,0.273375416569317,,0.273430466653431,-0.115480679727211,1,3
"00-0037816","Romeo Doubs",2026,1,"RECEIVING","target_share","CONTRACTING","TENTATIVE","LOW",0.0681818181818182,0.151839934244082,,0.151833947361402,-0.0836581160622634,1,3
"00-0037838","Isaiah Likely",2026,1,"HIGH_VALUE","rz_target_share","EXPANDING","TENTATIVE","LOW",0.571428571428571,0.054027167480962,,0.052999054426373,0.517401403947609,1,4
"00-0037838","Isaiah Likely",2026,1,"RECEIVING","air_yards_share","EXPANDING","TENTATIVE","LOW",0.261224489795918,0.120142923640837,,0.119418099812798,0.141081566155081,1,8
"00-0037838","Isaiah Likely",2026,1,"RECEIVING","position_group_target_share","EXPANDING","TENTATIVE","LOW",0.888888888888889,0.303318257939537,,0.302289416098655,0.585570630949352,1,8
"00-0037838","Isaiah Likely",2026,1,"RECEIVING","target_share","EXPANDING","TENTATIVE","LOW",0.242424242424242,0.0802772762213243,,0.0798523924072101,0.162146966202918,1,8
"00-0037840","Kyren Williams",2026,1,"HIGH_VALUE","rz_carry_share","CONTRACTING","TENTATIVE","LOW",0.571428571428571,0.660071034917318,,0.659881263771483,-0.0886424634887462,1,4
"00-0037840","Kyren Williams",2026,1,"RUSHING","position_group_rush_share","CONTRACTING","TENTATIVE","MEDIUM",0.423076923076923,0.59502025008953,,0.594742766815728,-0.171943327012607,1,11
"00-0037840","Kyren Williams",2026,1,"RUSHING","rush_share","CONTRACTING","TENTATIVE","MEDIUM",0.407407407407407,0.53724527905587,,0.536990289826608,-0.129837871648462,1,11
"00-0038041","Jake Ferguson",2026,1,"PARTICIPATION","snap_share_derived","EXPANDING","TENTATIVE","MEDIUM",0.758620689655172,0.5999881755244,,0.599919947369099,0.158632514130772,1,44
"00-0038046","Charlie Kolar",2026,1,"PARTICIPATION","snap_share_derived","EXPANDING","TENTATIVE","MEDIUM",0.545454545454545,0.382602188244538,,0.382855742840882,0.162852357210007,1,30
"00-0038102","Kenny Pickett",2026,1,"PARTICIPATION","snap_share_derived","CONTRACTING","TENTATIVE","LOW",0.102941176470588,0.2966233455005,,0.292311844341426,-0.193682169029912,1,7
"00-0038104","Tyquan Thornton",2026,1,"PARTICIPATION","snap_share_derived","EXPANDING","TENTATIVE","MEDIUM",0.712121212121212,0.341398983875119,,0.342161074981846,0.370722228246093,1,47
"00-0038115","Daniel Bellinger",2026,1,"PARTICIPATION","snap_share_derived","CONTRACTING","TENTATIVE","MEDIUM",0.28,0.695989257197682,,0.696275985502938,-0.415989257197682,1,14
"00-0038117","Wan'Dale Robinson",2026,1,"PARTICIPATION","snap_share_derived","CONTRACTING","TENTATIVE","MEDIUM",0.82,0.91282590496144,,0.913330389168068,-0.0928259049614405,1,41
"00-0038117","Wan'Dale Robinson",2026,1,"RECEIVING","air_yards_share","CONTRACTING","TENTATIVE","LOW",0.121052631578947,0.441299342359816,,0.442253451875932,-0.320246710780869,1,6
"00-0038117","Wan'Dale Robinson",2026,1,"RECEIVING","position_group_target_share","CONTRACTING","TENTATIVE","LOW",0.375,0.624755581777111,,0.625657251826027,-0.249755581777111,1,6
"00-0038117","Wan'Dale Robinson",2026,1,"RECEIVING","target_share","CONTRACTING","TENTATIVE","LOW",0.15,0.287079607107111,,0.287209945365576,-0.137079607107111,1,6
"00-0038120","Breece Hall",2026,1,"HIGH_VALUE","rz_carry_share","EXPANDING","TENTATIVE","LOW",0.8,0.417532778302428,,0.415908621008802,0.382467221697573,1,4
"00-0038128","Malik Willis",2026,1,"PARTICIPATION","snap_share_derived","EXPANDING","TENTATIVE","MEDIUM",1.01818181818182,0.521808074388074,,0.555797898175918,0.496373743793744,1,56
"00-0038134","Kenneth Walker III",2026,1,"HIGH_VALUE","rz_carry_share","EXPANDING","TENTATIVE","LOW",0.75,0.617030361883259,,0.617076012809976,0.132969638116741,1,3
"00-0038134","Kenneth Walker III",2026,1,"PARTICIPATION","snap_share_derived","EXPANDING","TENTATIVE","MEDIUM",0.712121212121212,0.57921361246288,,0.579159199327658,0.132907599658332,1,47
"00-0038393","Dontayvion Wicks",2026,1,"PARTICIPATION","snap_share_derived","EXPANDING","TENTATIVE","MEDIUM",0.943396226415094,0.315037706432837,,0.311996226605819,0.628358519982257,1,50
"00-0038393","Dontayvion Wicks",2026,1,"RECEIVING","air_yards_share","EXPANDING","TENTATIVE","LOW",0.351111111111111,0.0761881085991399,,0.0744820424841896,0.274923002511971,1,4
"00-0038393","Dontayvion Wicks",2026,1,"RECEIVING","position_group_target_share","EXPANDING","TENTATIVE","LOW",0.285714285714286,0.121607010481244,,0.120185716440663,0.164107275233042,1,4
"00-0038454","Keaton Mitchell",2026,1,"PARTICIPATION","snap_share_derived","EXPANDING","TENTATIVE","MEDIUM",0.309090909090909,0.213663282191509,,0.215029027611699,0.0954276268994,1,17
"00-0038488","Brady Russell",2026,1,"PARTICIPATION","snap_share_derived","EXPANDING","TENTATIVE","MEDIUM",0.346938775510204,0.0349518753548006,,0.0349511675136827,0.311986900155403,1,17
"00-0038519","Nikko Remigio",2026,1,"RETURNS","kick_return_opportunity_share","EXPANDING","TENTATIVE","LOW",1,0.67569572480519,,0.672938212401853,0.32430427519481,1,3
"00-0038542","Bijan Robinson",2026,1,"RECEIVING","air_yards_share","CONTRACTING","TENTATIVE","MEDIUM",-0.38961038961039,0.00205944989242947,,0.00198379793430069,-0.391669839502819,1,10
"00-0038542","Bijan Robinson",2026,1,"RECEIVING","target_share","EXPANDING","TENTATIVE","MEDIUM",0.357142857142857,0.20292436746992,,0.203187633500827,0.154218489672937,1,10
"00-0038543","Jaxon Smith-Njigba",2026,1,"HIGH_VALUE","rz_target_share","EXPANDING","TENTATIVE","LOW",0.6,0.248457290554416,,0.24848746407594,0.351542709445584,1,3
"00-0038543","Jaxon Smith-Njigba",2026,1,"PARTICIPATION","snap_share_derived","EXPANDING","TENTATIVE","MEDIUM",0.918367346938776,0.786951649818848,,0.786816585562218,0.131415697119927,1,45
"00-0038543","Jaxon Smith-Njigba",2026,1,"RECEIVING","air_yards_share","EXPANDING","TENTATIVE","MEDIUM",0.493506493506494,0.408109231216054,,0.408205601235268,0.0853972622904393,1,11
"00-0038543","Jaxon Smith-Njigba",2026,1,"RECEIVING","position_group_target_share","EXPANDING","TENTATIVE","MEDIUM",0.647058823529412,0.481858878034592,,0.481882006755052,0.165199945494819,1,11
"00-0038543","Jaxon Smith-Njigba",2026,1,"RECEIVING","target_share","EXPANDING","TENTATIVE","MEDIUM",0.392857142857143,0.265610046315114,,0.26566318738617,0.127247096542029,1,11
"00-0038544","Quentin Johnston",2026,1,"RECEIVING","air_yards_share","CONTRACTING","TENTATIVE","LOW",0.142857142857143,0.300304266823431,,0.300456351135511,-0.157447123966288,1,6
"00-0038547","Luke Schoonmaker",2026,1,"PARTICIPATION","snap_share_derived","CONTRACTING","TENTATIVE","MEDIUM",0.224137931034483,0.327099738754541,,0.326871052227543,-0.102961807720058,1,13
"00-0038551","Kendre Miller",2026,1,"RUSHING","position_group_rush_share","EXPANDING","TENTATIVE","LOW",0.45,0.314889637745359,,0.307562401197071,0.135110362254641,1,9
"00-0038551","Kendre Miller",2026,1,"RUSHING","rush_share","EXPANDING","TENTATIVE","LOW",0.391304347826087,0.249233669843202,,0.240179555076938,0.142070677982885,1,9
"00-0038555","Tank Bigsby",2026,1,"PARTICIPATION","snap_share_derived","CONTRACTING","TENTATIVE","LOW",0.113207547169811,0.2245948511855,,0.224300775954819,-0.111387304015689,1,6
"00-0038558","Darnell Washington",2026,1,"PARTICIPATION","snap_share_derived","EXPANDING","TENTATIVE","MEDIUM",0.661538461538462,0.488371597610398,,0.488557510298285,0.173166863928064,1,43
"00-0038559","Michael Wilson",2026,1,"RECEIVING","air_yards_share","CONTRACTING","TENTATIVE","LOW",0.293286219081272,0.436070601476682,,0.436661815756245,-0.14278438239541,1,7
"00-0038559","Michael Wilson",2026,1,"RECEIVING","position_group_target_share","CONTRACTING","TENTATIVE","LOW",0.388888888888889,0.700061771715547,,0.701203009373552,-0.311172882826658,1,7
"00-0038563","Tre Tucker",2026,1,"PARTICIPATION","snap_share_derived","CONTRACTING","TENTATIVE","MEDIUM",0.738461538461539,0.976246887927367,,0.976458817587977,-0.237785349465828,1,48
"00-0038563","Tre Tucker",2026,1,"RECEIVING","position_group_target_share","CONTRACTING","TENTATIVE","LOW",0.25,0.393211062091947,,0.393423157643725,-0.143211062091947,1,4
"00-0038589","Josh Whyle",2026,1,"PARTICIPATION","snap_share_derived","CONTRACTING","TENTATIVE","MEDIUM",0.161764705882353,0.452091348830276,,0.458873965850359,-0.290326642947923,1,11
"00-0038597","Chase Brown",2026,1,"HIGH_VALUE","rz_carry_share","EXPANDING","TENTATIVE","LOW",0.625,0.494316356760265,,0.492102836471852,0.130683643239735,1,5
"00-0038597","Chase Brown",2026,1,"PARTICIPATION","snap_share_derived","EXPANDING","TENTATIVE","MEDIUM",0.73015873015873,0.629990517598469,,0.629357507459219,0.100168212560261,1,46
"00-0038597","Chase Brown",2026,1,"RUSHING","position_group_rush_share","EXPANDING","TENTATIVE","MEDIUM",0.761904761904762,0.646200012881055,,0.645492253021294,0.115704749023707,1,16
"00-0038608","Kayshon Boutte",2026,1,"PARTICIPATION","snap_share_derived","CONTRACTING","TENTATIVE","MEDIUM",0.455696202531646,0.700421503252788,,0.700185022321196,-0.244725300721143,1,36
"00-0038611","Chris Rodriguez",2026,1,"RUSHING","position_group_rush_share","CONTRACTING","TENTATIVE","LOW",0.24,0.505532012326195,,0.509510744645844,-0.265532012326195,1,6
"00-0038611","Chris Rodriguez",2026,1,"RUSHING","rush_share","CONTRACTING","TENTATIVE","LOW",0.206896551724138,0.450407810996421,,0.454133223909208,-0.243511259272283,1,6
"00-0038618","Xavier Hutchinson",2026,1,"PARTICIPATION","snap_share_derived","CONTRACTING","TENTATIVE","MEDIUM",0.556962025316456,0.668513317324846,,0.668655637840723,-0.11155129200839,1,44
"00-0038621","Demario Douglas",2026,1,"PARTICIPATION","snap_share_derived","EXPANDING","TENTATIVE","MEDIUM",0.619718309859155,0.292397883003084,,0.292101080626074,0.327320426856071,1,44
"00-0038621","Demario Douglas",2026,1,"RECEIVING","air_yards_share","EXPANDING","TENTATIVE","LOW",0.199095022624434,0.0844560236949095,,0.0844273412602548,0.114638998929525,1,7
"00-0038621","Demario Douglas",2026,1,"RECEIVING","position_group_target_share","EXPANDING","TENTATIVE","LOW",0.368421052631579,0.169387382124473,,0.169293369246831,0.199033670507105,1,7
"00-0038621","Demario Douglas",2026,1,"RECEIVING","target_share","EXPANDING","TENTATIVE","LOW",0.159090909090909,0.0730214939098028,,0.0729906558101105,0.0860694151811063,1,7
"00-0038640","Jalen Brooks",2026,1,"PARTICIPATION","snap_share_derived","CONTRACTING","TENTATIVE","LOW",0.0555555555555556,0.292202791020499,,0.29123598923898,-0.236647235464944,1,4
"00-0038685","Chris Brooks",2026,1,"PARTICIPATION","snap_share_derived","EXPANDING","TENTATIVE","MEDIUM",0.558823529411765,0.320643042500615,,0.320788480831482,0.23818048691115,1,38
"00-0038685","Chris Brooks",2026,1,"RUSHING","position_group_rush_share","EXPANDING","TENTATIVE","LOW",0.35,0.120875557484376,,0.120924980297782,0.229124442515624,1,7
"00-0038685","Chris Brooks",2026,1,"RUSHING","rush_share","EXPANDING","TENTATIVE","LOW",0.318181818181818,0.114226404685964,,0.114290868634926,0.203955413495855,1,7
"00-0038705","Emari Demercado",2026,1,"PARTICIPATION","snap_share_derived","CONTRACTING","TENTATIVE","LOW",0.0862068965517241,0.293262214802521,,0.294527140513695,-0.207055318250797,1,5
"00-0038797","Emanuel Wilson",2026,1,"PARTICIPATION","snap_share_derived","CONTRACTING","TENTATIVE","LOW",0.0612244897959184,0.343830588815168,,0.344012172320787,-0.28260609901925,1,3
"00-0038933","Dalton Kincaid",2026,1,"PARTICIPATION","snap_share_derived","EXPANDING","TENTATIVE","MEDIUM",0.75,0.39017785854184,,0.389569060129748,0.35982214145816,1,42
"00-0038933","Dalton Kincaid",2026,1,"RECEIVING","air_yards_share","EXPANDING","TENTATIVE","LOW",0.255874673629243,0.163237272821089,,0.163374913000011,0.0926374008081539,1,6
"00-0038933","Dalton Kincaid",2026,1,"RECEIVING","position_group_target_share","EXPANDING","TENTATIVE","LOW",0.857142857142857,0.4761477790618,,0.474924588619667,0.380995078081057,1,6
"00-0038935","Brenton Strange",2026,1,"RECEIVING","position_group_target_share","CONTRACTING","TENTATIVE","LOW",0.6,0.836477965112842,,0.838431717738283,-0.236477965112842,1,3
"00-0038976","Marvin Mims",2026,1,"PARTICIPATION","snap_share_derived","CONTRACTING","TENTATIVE","LOW",0.18,0.509791236197427,,0.509959914921811,-0.329791236197427,1,9
"00-0038996","Tucker Kraft",2026,1,"PARTICIPATION","snap_share_derived","CONTRACTING","TENTATIVE","MEDIUM",0.661764705882353,0.799683357414488,,0.792768563465029,-0.137918651532136,1,45
"00-0038996","Tucker Kraft",2026,1,"RECEIVING","air_yards_share","EXPANDING","TENTATIVE","LOW",0.174840085287846,0.0867395225362711,,0.0863459391651616,0.0881005627515754,1,6
"00-0038997","Josh Downs",2026,1,"PARTICIPATION","snap_share_derived","EXPANDING","TENTATIVE","MEDIUM",0.888888888888889,0.64288608520503,,0.642787424932966,0.246002803683859,1,48
"00-0038997","Josh Downs",2026,1,"RECEIVING","position_group_target_share","CONTRACTING","TENTATIVE","LOW",0.222222222222222,0.335432933922045,,0.335309599717107,-0.113210711699823,1,4
"00-0039032","Tyjae Spears",2026,1,"RUSHING","rush_share","EXPANDING","TENTATIVE","LOW",0.3,0.217253269176019,,0.215181351403543,0.082746730823981,1,3
"00-0039040","De'Von Achane",2026,1,"HIGH_VALUE","rz_carry_share","EXPANDING","TENTATIVE","LOW",1,0.334167138582409,,0.332240657096278,0.665832861417591,1,3
"00-0039040","De'Von Achane",2026,1,"PARTICIPATION","snap_share_derived","EXPANDING","TENTATIVE","MEDIUM",0.872727272727273,0.724517646723103,,0.724724585602847,0.148209626004169,1,48
"00-0039040","De'Von Achane",2026,1,"RUSHING","position_group_rush_share","EXPANDING","TENTATIVE","MEDIUM",0.916666666666667,0.675791178428317,,0.676118272433707,0.24087548823835,1,11
"00-0039040","De'Von Achane",2026,1,"RUSHING","rush_share","EXPANDING","TENTATIVE","MEDIUM",0.733333333333333,0.614717713291676,,0.615034600561025,0.118615620041657,1,11
"00-0039041","Elijah Higgins",2026,1,"PARTICIPATION","snap_share_derived","CONTRACTING","TENTATIVE","MEDIUM",0.277777777777778,0.576491205923129,,0.577111909991188,-0.298713428145351,1,20
"00-0039050","Payne Durham",2026,1,"PARTICIPATION","snap_share_derived","CONTRACTING","TENTATIVE","LOW",0.125,0.289484339304316,,0.288715309819875,-0.164484339304316,1,7
"00-0039062","Jonathan Mingo",2026,1,"PARTICIPATION","snap_share_derived","CONTRACTING","TENTATIVE","MEDIUM",0.189655172413793,0.271261719679412,,0.261469142548642,-0.0816065472656187,1,11
"00-0039064","Zay Flowers",2026,1,"PARTICIPATION","snap_share_derived","CONTRACTING","TENTATIVE","MEDIUM",0.3125,0.885431622978036,,0.886160945721921,-0.572931622978036,1,20
"00-0039064","Zay Flowers",2026,1,"RECEIVING","air_yards_share","CONTRACTING","TENTATIVE","LOW",0.337037037037037,0.42999435639684,,0.430453951767501,-0.0929573193598034,1,6
"00-0039064","Zay Flowers",2026,1,"RECEIVING","position_group_target_share","CONTRACTING","TENTATIVE","LOW",0.428571428571429,0.630051579809945,,0.6305711212634,-0.201480151238516,1,6
"00-0039065","Sam LaPorta",2026,1,"PARTICIPATION","snap_share_derived","CONTRACTING","TENTATIVE","MEDIUM",0.805194805194805,0.907612026287885,,0.90470207395273,-0.102417221093079,1,62
"00-0039065","Sam LaPorta",2026,1,"RECEIVING","air_yards_share","CONTRACTING","TENTATIVE","LOW",0.0338164251207729,0.167344598709072,,0.165717058414542,-0.133528173588299,1,8
"00-0039065","Sam LaPorta",2026,1,"RECEIVING","position_group_target_share","EXPANDING","TENTATIVE","LOW",0.888888888888889,0.783335633597163,,0.774617694772969,0.105553255291726,1,8
"00-0039066","Michael Mayer",2026,1,"PARTICIPATION","snap_share_derived","EXPANDING","TENTATIVE","MEDIUM",0.846153846153846,0.728210844140452,,0.728196837942328,0.117943002013394,1,55
"00-0039066","Michael Mayer",2026,1,"RECEIVING","position_group_target_share","EXPANDING","TENTATIVE","LOW",1,0.632453149317582,,0.636571546345,0.367546850682418,1,7
"00-0039066","Michael Mayer",2026,1,"RECEIVING","target_share","EXPANDING","TENTATIVE","LOW",0.21875,0.136227834785591,,0.136926361906864,0.0825221652144091,1,7
"00-0039074","Davis Allen",2026,1,"PARTICIPATION","snap_share_derived","CONTRACTING","TENTATIVE","MEDIUM",0.35,0.490774718267172,,0.491009619742598,-0.140774718267172,1,21
"00-0039075","Puka Nacua",2026,1,"RECEIVING","air_yards_share","EXPANDING","TENTATIVE","LOW",0.450980392156863,0.350861862507915,,0.350929676980983,0.100118529648948,1,9
"00-0039139","Jahmyr Gibbs",2026,1,"HIGH_VALUE","rz_carry_share","EXPANDING","TENTATIVE","LOW",0.727272727272727,0.468573875449789,,0.467935953223355,0.258698851822938,1,8
"00-0039139","Jahmyr Gibbs",2026,1,"RUSHING","position_group_rush_share","EXPANDING","TENTATIVE","MEDIUM",0.935483870967742,0.660601728671543,,0.660626350387593,0.274882142296199,1,29
"00-0039139","Jahmyr Gibbs",2026,1,"RUSHING","rush_share","EXPANDING","TENTATIVE","MEDIUM",0.805555555555556,0.621867109518302,,0.621892141058868,0.183688446037253,1,29
"00-0039150","Bryce Young",2026,1,"PARTICIPATION","snap_share_derived","CONTRACTING","TENTATIVE","MEDIUM",0.897058823529412,1.02377220626969,,1.02385474378092,-0.126713382740281,1,61
"00-0039299","George Holani",2026,1,"PARTICIPATION","snap_share_derived","EXPANDING","TENTATIVE","MEDIUM",0.469387755102041,0.192132237907956,,0.193779366002011,0.277255517194085,1,23
"00-0039299","George Holani",2026,1,"RUSHING","position_group_rush_share","EXPANDING","TENTATIVE","LOW",0.4,0.0807450754409012,,0.0811370980271622,0.319254924559099,1,8
"00-0039299","George Holani",2026,1,"RUSHING","rush_share","EXPANDING","TENTATIVE","LOW",0.380952380952381,0.0697065676506406,,0.0700204415564414,0.31124581330174,1,8
"00-0039337","Malik Nabers",2026,1,"PARTICIPATION","snap_share_derived","CONTRACTING","TENTATIVE","MEDIUM",0.545454545454545,0.743431165830506,,0.705981574494737,-0.19797662037596,1,36
"00-0039337","Malik Nabers",2026,1,"RECEIVING","position_group_target_share","EXPANDING","TENTATIVE","LOW",0.6,0.416690699483354,,0.403026408907219,0.183309300516646,1,9
"00-0039344","Jonathon Brooks",2026,1,"PARTICIPATION","snap_share_derived","EXPANDING","TENTATIVE","MEDIUM",0.191176470588235,0.10633948805094,,,0.0848369825372952,1,13
"00-0039359","Cade Stover",2026,1,"PARTICIPATION","snap_share_derived","CONTRACTING","TENTATIVE","MEDIUM",0.30379746835443,0.553070278875779,,0.554422132512092,-0.249272810521349,1,24
"00-0039361","Bucky Irving",2026,1,"RECEIVING","air_yards_share","CONTRACTING","TENTATIVE","LOW",-0.174825174825175,-0.00727349262103389,,-0.00588048003254645,-0.167551682204141,1,7
"00-0039361","Bucky Irving",2026,1,"RECEIVING","target_share","EXPANDING","TENTATIVE","LOW",0.17948717948718,0.0713438553471321,,0.0708044283679351,0.108143324140047,1,7
"00-0039361","Bucky Irving",2026,1,"RUSHING","position_group_rush_share","CONTRACTING","TENTATIVE","LOW",0.615384615384615,0.695851976185237,,0.694275272474443,-0.0804673608006216,1,8
"00-0039361","Bucky Irving",2026,1,"RUSHING","rush_share","CONTRACTING","TENTATIVE","LOW",0.470588235294118,0.664062460547027,,0.664491256493638,-0.193474225252909,1,8
"00-0039364","Sione Vaki",2026,1,"PARTICIPATION","snap_share_derived","EXPANDING","TENTATIVE","MEDIUM",0.285714285714286,0.000561326492117552,,0.00027129669529016,0.285152959222168,1,22
"00-0039365","Jacob Cowing",2026,1,"PARTICIPATION","snap_share_derived","CONTRACTING","TENTATIVE","LOW",0.0769230769230769,0.259973297316435,,,-0.183050220393358,1,5
"00-0039391","Kimani Vidal",2026,1,"PARTICIPATION","snap_share_derived","CONTRACTING","TENTATIVE","LOW",0.0727272727272727,0.60269774862626,,0.605562280797679,-0.529970475898987,1,4
"00-0039407","Dylan Laube",2026,1,"PARTICIPATION","snap_share_derived","EXPANDING","TENTATIVE","MEDIUM",0.153846153846154,0.00721546250078981,,0.0072174600396249,0.146630691345364,1,10
"00-0039410","Ryan Flournoy",2026,1,"PARTICIPATION","snap_share_derived","EXPANDING","TENTATIVE","MEDIUM",0.706896551724138,0.615426141016207,,0.617020711197171,0.0914704107079314,1,41
"00-0039410","Ryan Flournoy",2026,1,"RECEIVING","air_yards_share","CONTRACTING","TENTATIVE","LOW",0.0744336569579288,0.154824162417202,,0.15521413087604,-0.0803905054592731,1,4
"00-0039424","Devaughn Vele",2026,1,"PARTICIPATION","snap_share_derived","EXPANDING","TENTATIVE","MEDIUM",0.921348314606742,0.714460935725599,,0.716462349226773,0.206887378881143,1,82
"00-0039424","Devaughn Vele",2026,1,"RECEIVING","air_yards_share","CONTRACTING","TENTATIVE","LOW",0.130705394190871,0.237909748365918,,0.238983430256231,-0.107204354175047,1,9
"00-0039471","Frank Gore Jr.",2026,1,"PARTICIPATION","snap_share_derived","EXPANDING","TENTATIVE","MEDIUM",0.196428571428571,0.0271615450736456,,0.0271615450736456,0.169267026354926,1,11
"00-0039491","Jalen Coker",2026,1,"RECEIVING","position_group_target_share","EXPANDING","TENTATIVE","LOW",0.45,0.349714703569854,,0.350953951366607,0.100285296430146,1,9
"00-0039530","Brevyn Spann-Ford",2026,1,"PARTICIPATION","snap_share_derived","CONTRACTING","TENTATIVE","MEDIUM",0.224137931034483,0.31803483649837,,0.318223282176838,-0.0938969054638874,1,13
"00-0039589","Kameron Johnson",2026,1,"RETURNS","kick_return_opportunity_share","EXPANDING","TENTATIVE","LOW",0.714285714285714,0.507327012219285,,0.508380902809705,0.20695870206643,1,5
"00-0039738","Blake Corum",2026,1,"PARTICIPATION","snap_share_derived","CONTRACTING","TENTATIVE","MEDIUM",0.233333333333333,0.360087412320968,,0.36029364161684,-0.126754078987635,1,14
"00-0039739","Roman Wilson",2026,1,"PARTICIPATION","snap_share_derived","EXPANDING","TENTATIVE","MEDIUM",0.569230769230769,0.328271644428802,,0.32909410632183,0.240959124801968,1,37
"00-0039739","Roman Wilson",2026,1,"RECEIVING","air_yards_share","EXPANDING","TENTATIVE","LOW",0.30958230958231,0.145265465685327,,0.145740802828024,0.164316843896983,1,6
"00-0039739","Roman Wilson",2026,1,"RECEIVING","position_group_target_share","EXPANDING","TENTATIVE","LOW",0.31578947368421,0.109102843957571,,0.109459849897436,0.206686629726639,1,6
"00-0039739","Roman Wilson",2026,1,"RECEIVING","target_share","EXPANDING","TENTATIVE","LOW",0.127659574468085,0.0411612258655137,,0.0412959134831145,0.0864983486025714,1,6
"00-0039751","Jordan Whittington",2026,1,"PARTICIPATION","snap_share_derived","EXPANDING","TENTATIVE","MEDIUM",0.416666666666667,0.223707255019815,,0.223709886868735,0.192959411646852,1,25
"00-0039751","Jordan Whittington",2026,1,"RETURNS","kick_return_opportunity_share","EXPANDING","TENTATIVE","LOW",0.8,0.548230983385417,,0.547621847415412,0.251769016614583,1,4
"00-0039794","Braelon Allen",2026,1,"PARTICIPATION","snap_share_derived","EXPANDING","TENTATIVE","MEDIUM",0.421875,0.221566134987419,,0.212525803077114,0.200308865012581,1,27
"00-0039811","MarShawn Lloyd",2026,1,"PARTICIPATION","snap_share_derived","EXPANDING","TENTATIVE","MEDIUM",0.441176470588235,0.142857142857143,,,0.298319327731092,1,30
"00-0039811","MarShawn Lloyd",2026,1,"RUSHING","position_group_rush_share","EXPANDING","TENTATIVE","MEDIUM",0.65,0.13953488372093,,,0.51046511627907,1,13
"00-0039811","MarShawn Lloyd",2026,1,"RUSHING","rush_share","EXPANDING","TENTATIVE","MEDIUM",0.590909090909091,0.117647058823529,,,0.473262032085562,1,13
"00-0039847","Theo Johnson",2026,1,"PARTICIPATION","snap_share_derived","CONTRACTING","TENTATIVE","MEDIUM",0.484848484848485,0.901556584779901,,0.901764424545632,-0.416708099931416,1,32
"00-0039849","Marvin Harrison Jr.",2026,1,"PARTICIPATION","snap_share_derived","EXPANDING","TENTATIVE","MEDIUM",0.819444444444444,0.569567874824907,,0.565977639572742,0.249876569619537,1,59
"00-0039849","Marvin Harrison Jr.",2026,1,"RECEIVING","position_group_target_share","CONTRACTING","TENTATIVE","LOW",0.166666666666667,0.332937360325175,,0.330585817142802,-0.166270693658508,1,3
"00-0039874","Jaylen Wright",2026,1,"PARTICIPATION","snap_share_derived","CONTRACTING","TENTATIVE","LOW",0.0727272727272727,0.278743458091213,,0.284235549196044,-0.20601618536394,1,4
"00-0039875","Ray Davis",2026,1,"PARTICIPATION","snap_share_derived","CONTRACTING","TENTATIVE","LOW",0.0892857142857143,0.311234926861648,,0.31140882448162,-0.221949212575934,1,5
"00-0039880","Malik Washington",2026,1,"PARTICIPATION","snap_share_derived","EXPANDING","TENTATIVE","MEDIUM",1,0.615213019245364,,0.615112657261387,0.384786980754636,1,55
"00-0039880","Malik Washington",2026,1,"RECEIVING","air_yards_share","EXPANDING","TENTATIVE","LOW",0.436893203883495,0.122707700193161,,0.122682607651271,0.314185503690334,1,8
"00-0039880","Malik Washington",2026,1,"RECEIVING","position_group_target_share","EXPANDING","TENTATIVE","LOW",0.421052631578947,0.281244145905622,,0.281355991060128,0.139808485673325,1,8
"00-0039880","Malik Washington",2026,1,"RECEIVING","target_share","EXPANDING","TENTATIVE","LOW",0.2,0.107317868326585,,0.107341459902768,0.092682131673415,1,8
"00-0039880","Malik Washington",2026,1,"RETURNS","kick_return_opportunity_share","CONTRACTING","TENTATIVE","LOW",0.6,0.752616175578275,,0.752629983705013,-0.152616175578275,1,3
"00-0039890","Adonai Mitchell",2026,1,"RECEIVING","air_yards_share","CONTRACTING","TENTATIVE","LOW",0.351190476190476,0.479744499682153,,0.481104683933068,-0.128554023491677,1,3
"00-0039890","Adonai Mitchell",2026,1,"RECEIVING","position_group_target_share","CONTRACTING","TENTATIVE","LOW",0.230769230769231,0.319847692310378,,0.320663670887563,-0.0890784615411477,1,3
"00-0039893","Brian Thomas Jr.",2026,1,"PARTICIPATION","snap_share_derived","CONTRACTING","TENTATIVE","MEDIUM",0.37037037037037,0.744982642420931,,0.744240751411066,-0.37461227205056,1,20
"00-0039894","Xavier Worthy",2026,1,"RECEIVING","position_group_target_share","EXPANDING","TENTATIVE","LOW",0.6,0.28751090516211,,0.28685603166169,0.31248909483789,1,6
"00-0039910","Jayden Daniels",2026,1,"PARTICIPATION","snap_share_derived","EXPANDING","TENTATIVE","MEDIUM",1,0.856856321496914,,0.848828294432965,0.143143678503086,1,70
"00-0039912","Ben Sinnott",2026,1,"PARTICIPATION","snap_share_derived","CONTRACTING","TENTATIVE","MEDIUM",0.257142857142857,0.526191879684198,,0.527906796709709,-0.269049022541341,1,18
"00-0039915","Ladd McConkey",2026,1,"PARTICIPATION","snap_share_derived","CONTRACTING","TENTATIVE","MEDIUM",0.490909090909091,0.824245712961468,,0.824305624361481,-0.333336622052377,1,27
"00-0039915","Ladd McConkey",2026,1,"RECEIVING","air_yards_share","EXPANDING","TENTATIVE","LOW",0.355311355311355,0.212330578838826,,0.211952564439758,0.142980776472529,1,7
"00-0039915","Ladd McConkey",2026,1,"RECEIVING","position_group_target_share","EXPANDING","TENTATIVE","LOW",0.35,0.22853910757089,,0.228023987267938,0.12146089242911,1,7
"00-0039919","Rome Odunze",2026,1,"PARTICIPATION","snap_share_derived","CONTRACTING","TENTATIVE","MEDIUM",0.48,0.786997854514207,,0.786336809476367,-0.306997854514207,1,36
"00-0039919","Rome Odunze",2026,1,"RECEIVING","position_group_target_share","CONTRACTING","TENTATIVE","LOW",0.166666666666667,0.312040061893986,,0.312872181559254,-0.145373395227319,1,3
"00-0040024","Darius Cooper",2026,1,"PARTICIPATION","snap_share_derived","CONTRACTING","TENTATIVE","LOW",0.150943396226415,0.390062457943562,,0.390062457943562,-0.239119061717147,1,8
"00-0040075","LaJohntay Wester",2026,1,"PARTICIPATION","snap_share_derived","EXPANDING","TENTATIVE","MEDIUM",0.3125,0.116185958336426,,0.116185958336426,0.196314041663574,1,20
"00-0040122","Ashton Jeanty",2026,1,"HIGH_VALUE","rz_carry_share","CONTRACTING","TENTATIVE","LOW",0.75,0.900118091059595,,0.900118091059595,-0.150118091059595,1,3
"00-0040122","Ashton Jeanty",2026,1,"HIGH_VALUE","rz_target_share","EXPANDING","TENTATIVE","LOW",0.5,0.0394734516404159,,0.0394734516404159,0.460526548359584,1,4
"00-0040122","Ashton Jeanty",2026,1,"PARTICIPATION","snap_share_derived","CONTRACTING","TENTATIVE","MEDIUM",0.769230769230769,0.860473100048496,,0.860473100048496,-0.0912423308177264,1,50
"00-0040122","Ashton Jeanty",2026,1,"RECEIVING","air_yards_share","EXPANDING","TENTATIVE","LOW",0.079646017699115,-0.00911321800814116,,-0.00911321800814116,0.0887592357072562,1,6
"00-0040122","Ashton Jeanty",2026,1,"RUSHING","position_group_rush_share","CONTRACTING","TENTATIVE","MEDIUM",0.741935483870968,0.93284447979687,,0.93284447979687,-0.190908995925902,1,23
"00-0040122","Ashton Jeanty",2026,1,"RUSHING","rush_share","CONTRACTING","TENTATIVE","MEDIUM",0.696969696969697,0.828343072602509,,0.828343072602509,-0.131373375632812,1,23
"00-0040124","Tetairoa McMillan",2026,1,"RECEIVING","air_yards_share","CONTRACTING","TENTATIVE","LOW",0.325136612021858,0.459333534338223,,0.459333534338223,-0.134196922316365,1,8
"00-0040126","Colston Loveland",2026,1,"PARTICIPATION","snap_share_derived","EXPANDING","TENTATIVE","MEDIUM",0.866666666666667,0.752370875588284,,0.752370875588284,0.114295791078382,1,65
"00-0040128","Tyler Warren",2026,1,"RECEIVING","position_group_target_share","EXPANDING","TENTATIVE","LOW",0.833333333333333,0.715958129106538,,0.715958129106538,0.117375204226795,1,5
"00-0040129","Emeka Egbuka",2026,1,"PARTICIPATION","snap_share_derived","EXPANDING","TENTATIVE","MEDIUM",0.875,0.659678429142405,,0.659678429142405,0.215321570857595,1,49
"00-0040129","Emeka Egbuka",2026,1,"RECEIVING","air_yards_share","EXPANDING","TENTATIVE","LOW",0.587412587412587,0.27285373262701,,0.27285373262701,0.314558854785578,1,6
"00-0040129","Emeka Egbuka",2026,1,"RECEIVING","position_group_target_share","EXPANDING","TENTATIVE","LOW",0.428571428571429,0.296720420913631,,0.296720420913631,0.131851007657798,1,6
"00-0040131","Kyle Williams",2026,1,"PARTICIPATION","snap_share_derived","CONTRACTING","TENTATIVE","MEDIUM",0.169014084507042,0.325234746376403,,0.325234746376403,-0.156220661869361,1,12
"00-0040134","Pat Bryant",2026,1,"PARTICIPATION","snap_share_derived","EXPANDING","TENTATIVE","MEDIUM",0.6,0.357563979190958,,0.357563979190958,0.242436020809042,1,30
"00-0040134","Pat Bryant",2026,1,"RECEIVING","air_yards_share","EXPANDING","TENTATIVE","LOW",0.271739130434783,0.176889911241995,,0.176889911241995,0.0948492191927872,1,6
"00-0040134","Pat Bryant",2026,1,"RECEIVING","position_group_target_share","EXPANDING","TENTATIVE","LOW",0.4,0.191632468292087,,0.191632468292087,0.208367531707913,1,6
"00-0040134","Pat Bryant",2026,1,"RECEIVING","target_share","EXPANDING","TENTATIVE","LOW",0.171428571428571,0.0836421050647351,,0.0836421050647351,0.0877864663638363,1,6
"00-0040138","Jaylin Noel",2026,1,"PARTICIPATION","snap_share_derived","EXPANDING","TENTATIVE","MEDIUM",0.30379746835443,0.14883592417141,,0.14883592417141,0.154961544183021,1,24
"00-0040138","Jaylin Noel",2026,1,"RETURNS","kick_return_opportunity_share","CONTRACTING","TENTATIVE","LOW",0.375,0.801006326071328,,0.801006326071328,-0.426006326071328,1,3
"00-0040164","Jaylin Lane",2026,1,"RETURNS","kick_return_opportunity_share","EXPANDING","TENTATIVE","LOW",0.6,0.0296264470935199,,0.0296264470935199,0.57037355290648,1,3
"00-0040170","Elic Ayomanor",2026,1,"PARTICIPATION","snap_share_derived","CONTRACTING","TENTATIVE","MEDIUM",0.52,0.81933762866164,,0.81933762866164,-0.29933762866164,1,26
"00-0040170","Elic Ayomanor",2026,1,"RECEIVING","air_yards_share","CONTRACTING","TENTATIVE","LOW",0.215789473684211,0.461097180886199,,0.461097180886199,-0.245307707201988,1,3
"00-0040170","Elic Ayomanor",2026,1,"RECEIVING","position_group_target_share","CONTRACTING","TENTATIVE","LOW",0.1875,0.399907052212434,,0.399907052212434,-0.212407052212434,1,3
"00-0040170","Elic Ayomanor",2026,1,"RECEIVING","target_share","CONTRACTING","TENTATIVE","LOW",0.075,0.166421287882427,,0.166421287882427,-0.0914212878824269,1,3
"00-0040189","Oronde Gadsden",2026,1,"PARTICIPATION","snap_share_derived","CONTRACTING","TENTATIVE","MEDIUM",0.181818181818182,0.562573202383365,,0.562573202383365,-0.380755020565183,1,10
"00-0040198","Ollie Gordon",2026,1,"PARTICIPATION","snap_share_derived","CONTRACTING","TENTATIVE","LOW",0.0727272727272727,0.220102592388925,,0.220102592388925,-0.147375319661652,1,4
"00-0040218","Jimmy Horn",2026,1,"RETURNS","kick_return_opportunity_share","EXPANDING","TENTATIVE","LOW",0.714285714285714,0,,0,0.714285714285714,1,5
"00-0040236","Kyle Monangai",2026,1,"RUSHING","rush_share","CONTRACTING","TENTATIVE","MEDIUM",0.285714285714286,0.379240341700821,,0.379240341700821,-0.093526055986535,1,10
"00-0040242","Jacory Croskey-Merritt",2026,1,"RUSHING","rush_share","EXPANDING","TENTATIVE","MEDIUM",0.551724137931034,0.450703831658982,,0.450703831658982,0.101020306272052,1,16
"00-0040277","Jahdae Walker",2026,1,"PARTICIPATION","snap_share_derived","EXPANDING","TENTATIVE","MEDIUM",0.453333333333333,0.297066383506931,,0.297066383506931,0.156266949826402,1,34
"00-0040363","Keleki Latu",2026,1,"PARTICIPATION","snap_share_derived","CONTRACTING","TENTATIVE","LOW",0.0714285714285714,0.343864519902603,,0.343864519902603,-0.272435948474031,1,4
"00-0040466","Raheim Sanders",2026,1,"RETURNS","kick_return_opportunity_share","EXPANDING","TENTATIVE","LOW",0.5,0,,0,0.5,1,3
"00-0040583","Woody Marks",2026,1,"PARTICIPATION","snap_share_derived","CONTRACTING","TENTATIVE","MEDIUM",0.506329113924051,0.624215582587027,,0.624215582587027,-0.117886468662977,1,40
"00-0040583","Woody Marks",2026,1,"RETURNS","kick_return_opportunity_share","EXPANDING","TENTATIVE","LOW",0.375,0,,0,0.375,1,3
"00-0040583","Woody Marks",2026,1,"RUSHING","position_group_rush_share","CONTRACTING","TENTATIVE","LOW",0.310344827586207,0.634077001187791,,0.634077001187791,-0.323732173601584,1,9
"00-0040583","Woody Marks",2026,1,"RUSHING","rush_share","CONTRACTING","TENTATIVE","LOW",0.290322580645161,0.556185849777416,,0.556185849777416,-0.265863269132254,1,9
"00-0040584","Gunnar Helm",2026,1,"PARTICIPATION","snap_share_derived","EXPANDING","TENTATIVE","MEDIUM",0.76,0.601854959831871,,0.601854959831871,0.158145040168129,1,38
"00-0040584","Gunnar Helm",2026,1,"RECEIVING","position_group_target_share","EXPANDING","TENTATIVE","LOW",0.833333333333333,0.349026461996447,,0.349026461996447,0.484306871336887,1,5
"00-0040590","Konata Mumpfield",2026,1,"PARTICIPATION","snap_share_derived","CONTRACTING","TENTATIVE","MEDIUM",0.266666666666667,0.36124179674128,,0.36124179674128,-0.0945751300746136,1,16
"00-0040663","Harold Fannin",2026,1,"PARTICIPATION","snap_share_derived","EXPANDING","TENTATIVE","MEDIUM",0.823529411764706,0.688506292799003,,0.688506292799003,0.135023118965703,1,42
"00-0040663","Harold Fannin",2026,1,"RECEIVING","air_yards_share","CONTRACTING","TENTATIVE","LOW",0.043859649122807,0.234342932744383,,0.234342932744383,-0.190483283621576,1,3
"00-0040666","Omarion Hampton",2026,1,"PARTICIPATION","snap_share_derived","EXPANDING","TENTATIVE","MEDIUM",0.581818181818182,0.440235248928517,,0.440235248928517,0.141582932889665,1,32
"00-0040666","Omarion Hampton",2026,1,"RUSHING","position_group_rush_share","EXPANDING","TENTATIVE","MEDIUM",0.75,0.527876276648168,,0.527876276648168,0.222123723351832,1,12
"00-0040666","Omarion Hampton",2026,1,"RUSHING","rush_share","EXPANDING","TENTATIVE","MEDIUM",0.75,0.454197607342625,,0.454197607342625,0.295802392657375,1,12
"00-0040667","Matthew Golden",2026,1,"HIGH_VALUE","rz_target_share","EXPANDING","TENTATIVE","LOW",0.428571428571429,0.00184499665394301,,0.00184499665394301,0.426726431917486,1,3
"00-0040667","Matthew Golden",2026,1,"PARTICIPATION","snap_share_derived","EXPANDING","TENTATIVE","MEDIUM",0.823529411764706,0.563852549209949,,0.563852549209949,0.259676862554757,1,56
"00-0040667","Matthew Golden",2026,1,"RECEIVING","air_yards_share","EXPANDING","TENTATIVE","MEDIUM",0.292110874200426,0.176764185867588,,0.176764185867588,0.115346688332838,1,12
"00-0040667","Matthew Golden",2026,1,"RECEIVING","position_group_target_share","EXPANDING","TENTATIVE","MEDIUM",0.413793103448276,0.249062120718033,,0.249062120718033,0.164730982730243,1,12
"00-0040667","Matthew Golden",2026,1,"RECEIVING","target_share","EXPANDING","TENTATIVE","MEDIUM",0.260869565217391,0.10107690574888,,0.10107690574888,0.159792659468511,1,12
"00-0040669","Isaac TeSlaa",2026,1,"PARTICIPATION","snap_share_derived","EXPANDING","TENTATIVE","MEDIUM",0.675324675324675,0.575599766768561,,0.575599766768561,0.0997249085561146,1,52
"00-0040676","Cam Ward",2026,1,"PARTICIPATION","snap_share_derived","EXPANDING","TENTATIVE","MEDIUM",1,0.738767771987903,,0.738767771987903,0.261232228012097,1,50
"00-0040691","Jaxson Dart",2026,1,"RUSHING","rush_share","EXPANDING","TENTATIVE","LOW",0.181818181818182,0.0916524071707138,,0.0916524071707138,0.090165774647468,1,6
"00-0040705","Chimere Dike",2026,1,"PARTICIPATION","snap_share_derived","CONTRACTING","TENTATIVE","LOW",0.08,0.70391476504871,,0.70391476504871,-0.62391476504871,1,4
"00-0040715","Cam Skattebo",2026,1,"HIGH_VALUE","rz_carry_share","EXPANDING","TENTATIVE","LOW",0.8,0.369185116276267,,0.369185116276267,0.430814883723733,1,4
"00-0040715","Cam Skattebo",2026,1,"PARTICIPATION","snap_share_derived","EXPANDING","TENTATIVE","MEDIUM",0.636363636363636,0.506902125364786,,0.506902125364786,0.12946151099885,1,42
"00-0040715","Cam Skattebo",2026,1,"RUSHING","position_group_rush_share","EXPANDING","TENTATIVE","MEDIUM",0.692307692307692,0.503234455433282,,0.503234455433282,0.18907323687441,1,18
"00-0040715","Cam Skattebo",2026,1,"RUSHING","rush_share","EXPANDING","TENTATIVE","MEDIUM",0.545454545454545,0.416283446208691,,0.416283446208691,0.129171099245854,1,18
"00-0040718","Travis Hunter",2026,1,"PARTICIPATION","snap_share_derived","CONTRACTING","TENTATIVE","LOW",0.0740740740740741,0.742093699070834,,0.742093699070834,-0.66801962499676,1,4
"00-0040719","Bhayshul Tuten",2026,1,"PARTICIPATION","snap_share_derived","EXPANDING","TENTATIVE","MEDIUM",0.518518518518518,0.239372683077479,,0.239372683077479,0.27914583544104,1,28
"00-0040719","Bhayshul Tuten",2026,1,"RUSHING","position_group_rush_share","EXPANDING","TENTATIVE","MEDIUM",0.6,0.230934491050537,,0.230934491050537,0.369065508949463,1,15
"00-0040719","Bhayshul Tuten",2026,1,"RUSHING","rush_share","EXPANDING","TENTATIVE","MEDIUM",0.517241379310345,0.193627168121991,,0.193627168121991,0.323614211188354,1,15
"00-0040727","Tre Harris",2026,1,"PARTICIPATION","snap_share_derived","EXPANDING","TENTATIVE","MEDIUM",0.745454545454545,0.642921417603891,,0.642921417603891,0.102533127850654,1,41
"00-0040727","Tre Harris",2026,1,"RECEIVING","position_group_target_share","EXPANDING","TENTATIVE","LOW",0.3,0.171458991348905,,0.171458991348905,0.128541008651095,1,6
"00-0040729","Jack Bech",2026,1,"PARTICIPATION","snap_share_derived","CONTRACTING","TENTATIVE","MEDIUM",0.415384615384615,0.602677842344305,,0.602677842344305,-0.18729322695969,1,27
"00-0040730","RJ Harvey",2026,1,"RECEIVING","air_yards_share","CONTRACTING","TENTATIVE","LOW",-0.239130434782609,0.0194160407936688,,0.0194160407936688,-0.258546475576278,1,4
"00-0040730","RJ Harvey",2026,1,"RETURNS","kick_return_opportunity_share","EXPANDING","TENTATIVE","LOW",0.8,0.0371247749275913,,0.0371247749275913,0.762875225072409,1,4
"00-0040730","RJ Harvey",2026,1,"RUSHING","position_group_rush_share","CONTRACTING","TENTATIVE","LOW",0.272727272727273,0.631887404269493,,0.631887404269493,-0.35916013154222,1,3
"00-0040730","RJ Harvey",2026,1,"RUSHING","rush_share","CONTRACTING","TENTATIVE","LOW",0.2,0.520930406907499,,0.520930406907499,-0.320930406907499,1,3
"00-0040735","Luther Burden",2026,1,"PARTICIPATION","snap_share_derived","EXPANDING","TENTATIVE","MEDIUM",0.733333333333333,0.558038394140255,,0.558038394140255,0.175294939193078,1,55
"00-0040736","Mason Taylor",2026,1,"PARTICIPATION","snap_share_derived","CONTRACTING","TENTATIVE","MEDIUM",0.6875,0.780901031163946,,0.780901031163946,-0.0934010311639464,1,44
"00-0040736","Mason Taylor",2026,1,"RECEIVING","air_yards_share","CONTRACTING","TENTATIVE","LOW",0.00595238095238095,0.137341697766256,,0.137341697766256,-0.131389316813875,1,3
"00-0040736","Mason Taylor",2026,1,"RECEIVING","position_group_target_share","CONTRACTING","TENTATIVE","LOW",0.428571428571429,0.725373160607061,,0.725373160607061,-0.296801732035632,1,3
"00-0040782","Isaiah Bond",2026,1,"PARTICIPATION","snap_share_derived","CONTRACTING","TENTATIVE","LOW",0.137254901960784,0.455029472817712,,0.455029472817712,-0.317774570856928,1,7
"00-0040784","Quinshon Judkins",2026,1,"PARTICIPATION","snap_share_derived","EXPANDING","TENTATIVE","MEDIUM",0.647058823529412,0.513117262609816,,0.513117262609816,0.133941560919596,1,33
"00-0040784","Quinshon Judkins",2026,1,"RUSHING","position_group_rush_share","EXPANDING","TENTATIVE","MEDIUM",0.923076923076923,0.71095390750726,,0.71095390750726,0.212123015569663,1,12
